x1,x2,x3,x4,x5,x6,y
-0.9249082645968112,-0.3963186353071587,0.6436137632543616,-0.903638322630045,1.0,0.43887168707983626,0.6579932836391714
0.44846856823556225,-1.0,-0.4835441439581561,-0.4525069024613564,-0.9074508173154379,-0.5660236489739621,3.822748537116953
0.3547588767989369,0.5604645966586382,-0.2236212346790477,1.0,1.0,-0.8129859030853908,-0.43243321983757665
1.0,1.0,0.8401109174201125,0.8461173347986819,0.8520583498855154,0.8935197278344058,-6.27877110832535
-0.13727114931398443,-0.6184637672382897,-0.39237515389497535,-0.7036042435699221,1.0,0.7024725308646602,0.957030110008859
0.8646175266440665,1.0,1.0,1.0,0.14150070954787058,-0.5331408939849935,-1.7614744634107493
-0.08111313392502038,-0.5296811661330609,-0.7070334428824261,-1.0,-1.0,-0.055351486231260294,1.2448406211496084
-0.3417852999906541,0.17184399400172667,-0.39589025823766244,-0.33832852314331074,-0.6494113265245313,-0.458171906725288,-1.391149321902682
-0.7955926019188473,-1.0,-0.6307720343484279,-0.16748848401894656,-0.42913492768924133,0.5090666500962695,-3.1286497107516187
-0.3866989040894062,-0.5504810286997152,-0.5313517218199258,0.23483895506759084,-0.2864903649468787,0.6049946299020994,0.0484716392144654
0.274777605768147,0.2608778302093682,-0.3177426342183791,0.4395960243592979,-0.2793073609383113,1.0,4.76632336150573
-0.9147309040944196,0.0992519252929902,-1.0,-0.4768966161601087,1.0,0.5908355492908783,2.3141768855320928
1.0,0.9809015998107579,-0.21223088124818035,1.0,-1.0,-0.18938161158757671,6.742917183426406
-0.16959563326541094,-0.422068801030669,-1.0,-1.0,-1.0,-0.8432054902773682,1.937771688910224
-1.0,-1.0,0.3145922841689936,-1.0,-1.0,-0.5104941291001648,4.5292800894265675
-1.0,-1.0,-1.0,-1.0,0.11351558865637934,-1.0,3.8108224495806367
0.6761871382272753,-1.0,0.9307703673243554,0.724016156216081,-1.0,-0.6440003379871755,9.140687248833682
1.0,0.1096484296319622,1.0,0.4945579469713213,0.8232187674380695,1.0,-6.417822390460947
-0.5185114756474176,-0.8028845110601086,-0.8091905068527123,-0.24091494738877706,1.0,0.5656653491005346,0.4656163046495681
-0.009545555438616904,0.19706993895064984,1.0,-0.44693734783788486,1.0,0.8555764642095908,-0.05342568457500296
-0.49002284118003153,0.26761182136637485,-0.45520597898581394,-0.09124221139871713,-0.3365795953684879,0.9491418052966341,2.709631601942619
-1.0,-1.0,-0.39456905006282184,-0.788806288513157,-0.40299880859039083,-1.0,2.8227557124003253
0.8375646342593092,1.0,1.0,0.9025261202721847,1.0,0.3130057413149079,-8.101347010935672
-0.9317115127711426,-1.0,-0.8016867416868669,-0.9496896882811874,-0.6516452586377658,0.1557696591712583,-4.174350493916961
-1.0,-0.6844149408065321,-0.8250356630756431,-0.05334496137313993,-0.8928798017153655,0.9958283882816542,1.4320776331152647
-0.12176732526485701,-0.4557247814279278,-0.13891204293486115,-0.594149109831456,0.8178013892322836,0.977397065409856,2.5729390710738014
0.4215275468360915,-0.44256255052546983,1.0,0.3396293500411818,-0.04534363552614551,-0.1475050148974093,0.7873338019712304
-0.18457981444236862,-0.3705654997008411,-0.6759132358345207,0.8291967735157209,-0.22933520819548947,0.11397311872125226,-0.1836351735522035
-0.04722335409104833,1.0,-0.7423065253695084,-1.0,1.0,1.0,13.17848554757543
-1.0,-0.6384402395662504,-1.0,-1.0,-0.6296782482946708,0.5789336418942611,-1.746636934644807
0.7369009181569763,0.3192501702384611,0.9563369659376308,0.22501230831461538,0.021144760741446333,1.0,-1.1499990908098536
1.0,1.0,-0.35392134878887505,0.922100441210181,-1.0,-0.14679549559256444,6.156772183303529
-1.0,-1.0,-0.5011743150307342,-1.0,0.11139739083596911,-1.0,4.259218782419099
-0.3335667940552758,0.8283610623326187,0.4337941080880765,0.32166200315242555,0.6160204839675507,-0.6665055839773817,1.0095659381911806
0.46754840995070734,1.0,-0.4703816363984508,0.1158251078210295,-1.0,-0.04876450413984856,3.0193787673807915
1.0,1.0,0.3444232647714658,1.0,1.0,-1.0,-0.16477627484023
-0.6255881023189043,1.0,1.0,0.1108031746271656,0.41982611471012127,-0.2505954695118192,-2.5897743293623954
-0.8204373039767261,-0.20446890758456523,-1.0,-1.0,-0.1198176453633848,-1.0,4.185677796430203
0.885215202846905,-1.0,-0.2696563987268925,-0.49118713327309516,0.8073664031056103,1.0,-2.517739646754524
-0.13454208528552863,0.001611035631714719,-1.0,0.26803800493283114,-1.0,-1.0,1.4724939219233797
1.0,-0.13223031705019123,-0.695827410676704,0.6312804098496558,0.36597680168032154,-0.14577616203929233,-1.36926774041733
1.0,0.884500832026966,1.0,1.0,0.7970589261652828,0.9302818398440695,-8.416262243481732
1.0,1.0,1.0,0.26855216675159,0.2315950328669868,-1.0,-0.6665071216270371
-0.2803313972355581,-1.0,-1.0,-0.6440266602361336,0.523047634006397,-0.1951975868276783,-3.2736583171857423
1.0,0.10649137430268696,0.526539201134496,1.0,-0.8110239152228585,0.7203246017661964,3.8329891339459143
-1.0,0.2514693571967029,0.5219161309631363,0.05508288084949586,-0.6097421152492406,-1.0,0.8517042824597715
-0.566267390429231,-1.0,-0.4466876414857296,-1.0,0.4110273196712413,0.07958653712834729,-2.4039209145981517
-0.40591737544135753,-1.0,-0.6595972819421114,-1.0,0.6244180263386698,-0.5431439019544665,-1.1783049341363283
1.0,0.93127185742231,1.0,0.4290149223630355,-0.9235840779545217,-0.7225023000779429,4.696758597651391
-1.0,-0.5860722975309984,-0.32802363038031124,-0.2557273615771922,0.8057637045754819,0.4427528721697638,1.7669850087724501
0.45885490087765135,-0.09048565069162273,0.6324931886158284,-0.7664525039362894,-1.0,0.46717341073016594,1.0292231231997222
0.16579777118022312,-0.15046557193901888,-0.1257219100277296,0.14120679045047163,0.3493272724831431,-1.0,3.1102833468485227
0.2183064541059767,0.19157580434188404,1.0,-1.0,1.0,-0.3391862610659002,0.6593162989569348
0.6491761098830788,0.8223288871449436,0.6971351330294953,-0.4333789611625257,0.5070695191744199,1.0,0.9933121826052843
-0.19849041960550173,1.0,1.0,1.0,0.9625557183777429,1.0,-5.765625028578137
-1.0,-1.0,-0.3458011180853723,-1.0,0.3350486455121693,-0.10647224299593935,-2.179877104806229
1.0,0.6466705747613541,0.8033153104272805,1.0,0.3077963951219892,0.48128930433146166,-3.619321658629667
-0.846559254279939,0.12351960844065124,-0.9061150966072473,-0.6761877438638535,0.48066427325686023,-0.25339462957389775,-0.714468400931418
-0.7875035554725219,0.7719292815640578,0.5314063560351983,-0.3668529183491058,0.6903882313733254,0.7560940304160693,1.659127562553835
1.0,-0.3083436671558264,-1.0,1.0,1.0,0.7979955194272594,-1.7151569353298004
-0.8276014184847714,-0.4179105719623411,0.31927599089231845,-1.0,-1.0,1.0,0.07339525887054854
1.0,1.0,1.0,0.17149320830822523,0.755523115328326,-0.8901955757535334,-2.8477496987788933
1.0,1.0,-0.0779825075757693,0.5844644400994263,-0.8158310236869102,-1.0,8.38525156502199
-0.5819532445467637,-1.0,-0.44821205837590183,-0.4825187239079083,-1.0,-1.0,2.660395695623501
-1.0,-1.0,-0.29854528832065297,-1.0,-0.6453488353662524,-1.0,4.5074657725426865
0.5061319180291783,-0.5144134926449768,0.8644851889039216,-0.4239547976039174,-1.0,-1.0,5.959014616490556
-0.013445491731614717,0.24582419033441005,0.23850548678868,0.6101649917403322,0.3087910394741884,-0.3833427272428299,-0.2470161710690898
1.0,1.0,0.11177745370467052,0.8987395493301893,-0.3356350417750109,0.9797930913433961,5.37790662635587
-0.021599748375297934,0.4737379666578788,0.055750408756965464,-0.7854303423209092,1.0,1.0,5.660800434657786
0.4606333261676931,-0.0074629544738158415,-0.5472864245800297,-0.4673749384241399,-0.06537929110247898,0.5452715951401276,0.831122415343854
0.9646197862110413,-0.553872070446798,0.30014036902220687,0.8057054503312627,1.0,1.0,1.0000624569851209
0.5129796680446231,-0.48442816282765944,-0.5712444792498954,-1.0,-0.34944191487256654,0.6523682806786795,2.0128323971300652
-1.0,-0.9609841235194814,-1.0,-0.35104528002467733,1.0,0.9547767926407325,2.8668643467704515
1.0,0.950983392279871,1.0,0.9477284958075137,-0.36631375259308263,0.9355436891916223,-2.4723145526228
-0.7082080088566896,-0.8058497386939225,-0.004494917833949508,0.3785151399158193,0.12086118077887156,0.6987824406947082,0.67928343171246
-0.9148446445637773,-1.0,-1.0,0.009673305608145388,-0.14728844543865932,0.815999539931769,0.1446069550097579
0.7701793144934416,1.0,0.05351001298522484,1.0,0.27622079450652415,0.9249031233779778,1.5428443899320468
0.2579809060142381,0.4938380521712593,0.5010414382747254,-0.5926255800809714,-0.028277045924237132,-0.8993910950413374,0.7921186192165446
0.09228337898778996,-0.5361189263237685,0.7831341170416182,0.11195095819805545,0.048493702741332134,0.6564118196137356,-0.5088484179074074
-0.5971946889802042,-0.26414085572734547,-1.0,-0.5115909472186093,-0.9977162608106338,0.3050037881830077,-2.6756952940052248
1.0,-0.13947026155906167,-0.2655826663991933,-0.29315517226450494,-1.0,0.12669254836640853,2.1240423499163237
-1.0,-0.8514118851202246,-0.6235013248604822,-0.984957953030874,1.0,1.0,2.424021349360748
0.5314090570185537,0.11000606832871074,-0.8028044500180708,1.0,1.0,-0.22422539645452333,-2.5680690113913935
1.0,0.6566452326765073,0.4715155567665046,0.6936978750963216,-0.7768883340584243,-1.0,7.839725147171919
-0.7690652315492846,-0.7634299181663553,-1.0,-0.03823114639591482,0.4322071884285641,0.15593020308623884,-2.0064932956466213
-1.0,0.37169728326975093,0.2700627284698416,-0.10762259704005131,-0.47710838706033276,0.18564183274813617,-1.9641826788244456
1.0,1.0,1.0,0.2350603074838169,0.186833304125958,0.543320802149154,-3.810161828705343
-1.0,-1.0,-1.0,-0.879955906942772,0.2855076751511027,0.3555201128925487,-6.42254780863014
-1.0,-0.19617999739518122,-1.0,-1.0,0.007294352616679878,-0.5994736579832695,-0.04355860438947878
0.44286068800594425,0.5779518322189205,0.06870607790042671,0.9251959617250849,1.0,1.0,3.2428352040411452
-1.0,-0.06981885159003709,-1.0,0.3181126076299288,0.751325390003426,1.0,8.848749249170083
-1.0,-1.0,-0.7450415848515575,-1.0,1.0,0.36035552366983037,-3.4944693012161414
-0.6879526953392099,-0.7228366742405012,-1.0,0.4501369428616635,-0.04021964065116901,-1.0,3.1694294278915764
-0.9009042538773684,-0.287813467634606,-0.012220081640620828,0.38531063634480694,0.8877815660822108,0.45454120642887275,2.0128510468070195
0.15682971805899093,-0.46683676302464716,0.5803922205431387,-0.6092727843544417,0.6339680910749741,0.12011755914318861,-1.2712859376329564
-0.7647682236554543,-1.0,0.039293676387870735,-1.0,0.180168095883541,-0.9583362258906054,5.420215868735541
-1.0,-0.7016099935650201,0.7092807833077732,-0.6963374443259989,-0.8931950508816964,-0.428049901622454,1.2747415434194336
-0.2598999818294759,0.12565038959020375,0.4359543050885176,-0.7619217299894144,1.0,1.0,3.5716068978662046
-0.4400717902817395,-1.0,-1.0,-0.02955202851903671,1.0,-0.526489717651793,-1.830948591565839
0.5240885385805434,1.0,-0.06335386389333578,-0.3364322337318491,1.0,0.8239879342669865,4.0381067458505004
0.14214624500200623,-1.0,-1.0,-0.4871488649863313,-0.47023348548958976,-0.1562956753426489,-1.2017834734679296
-1.0,-0.733743486596214,-1.0,-1.0,-0.471305613994464,-1.0,4.734828777759187
-0.9730907240440783,-0.44240863782854456,0.8899265898539176,-0.3279211778112365,-0.019266470093345367,-0.8756293359624499,4.13339745528331
1.0,1.0,1.0,0.5589929538265639,1.0,1.0,-7.383907753949093
0.3604620884628007,-0.9067056805190837,0.8058954867813989,0.31227399283384066,0.127091636557501,-0.6315104271869415,2.654890147527485
0.2410261588509086,1.0,1.0,-0.12676268754933173,-0.6697944615585298,1.0,-1.81765565175903
0.23181651761803135,-0.7307584455713998,-0.33077340429609103,-0.9148823067530543,-1.0,0.02947436309679341,3.7389860004913484
1.0,0.9593995961903474,-0.32705776722670915,-0.5308080158263124,0.7789050809002028,1.0,4.324185205316842
0.9535158599724558,1.0,1.0,0.3269879068579173,-1.0,0.6277559575547567,0.9280386063781736
0.2603458791828196,0.3777465486136249,0.13643950075831512,1.0,-0.3562112713551778,-0.1961283566091112,0.4625526210951244
0.9111670692566604,0.6532899275693718,0.03813676697286417,-0.15739517096210942,-0.760371969685221,-0.2831026603335156,1.1053404837041108
0.6564828153114388,0.4263878895798483,1.0,0.4923503391850821,0.5898928545482643,-0.26517989959469024,-1.8594371825291547
-0.8461969595570326,-0.5148345881882668,0.05467893442524169,-1.0,-1.0,-0.8293425087803337,3.3715764946635574
-0.5000304030354227,-0.8900132329789634,0.16990940534362575,-0.36099712221230024,-0.06190085672059609,0.9391462617713561,0.49598010567304696
-1.0,-0.1030287275810734,-0.7056256702363333,-0.9964497475651235,-0.6528344300242532,-1.0,1.9531596934535074
0.024825950438290723,1.0,0.14358327113272745,-0.45407912025393304,-0.42499828399038897,-0.03399642888042957,-0.680600814394323
0.9591219260019346,0.7312081245245506,0.1908105247295594,1.0,-0.35067390090204986,0.3537159355741768,0.8092727812861995
0.34450393348993535,-1.0,0.44737424131758396,-0.3633741584139532,-0.9683382868683115,0.8849201482574327,5.800786837887417
0.0412541576049294,1.0,0.20093491667598923,0.2857839408123946,0.08554851452922374,-1.0,2.162993491426187
0.421270553568336,1.0,0.7130602920450926,0.13882221382945548,-1.0,-1.0,-0.2110216157848459
-0.4320718183940294,-1.0,-0.5843608974276254,-0.9054510689028443,0.5222132741273273,-0.8835554839819236,2.8327574701456157
-0.15592640166949118,0.911274029993455,-0.6754371920053801,-1.0,-0.367851621246031,0.49705396820154213,3.867144469173836
-0.016867004180462386,-0.26775463618745765,-0.37367871384377516,-1.0,-1.0,0.7599223800686683,4.196182082258225
0.4157053436872249,-0.6239740694698342,-1.0,-1.0,-1.0,-1.0,6.644936168760636
-0.7446318167423605,-0.39960100605913007,-0.8454986020736184,0.529510297213154,-0.7529174595730282,0.4427144444929683,-1.4542206992677662
0.0833121072710517,-0.08896011888594224,0.2890744797990343,-1.0,0.4810763860026315,-0.5288694318762701,2.0573780066858993
-1.0,-1.0,-0.9771612286338647,-0.7964491846845339,1.0,1.0,0.2226920073735234
-1.0,-1.0,-0.32273135289362553,-1.0,1.0,0.13916296523934468,0.6603720603055172
0.7446382147721333,0.7426113498541207,0.48606939528597237,1.0,-1.0,-0.10499189254071956,3.781903252190091
0.06016886639020114,0.5247091957009615,0.7173875467836073,1.0,0.46250399671104525,0.006416424382086006,-1.0233129835667596
0.8593031415912501,0.057480273468086374,1.0,0.5928910374714678,-1.0,-0.5914122645731003,5.0187531898908535
-0.7648728915608647,-1.0,-0.3539699549973429,-1.0,0.3743382910055537,-0.8860389366525521,3.360271034512331
-0.6239818046932091,-0.5271482902554696,-0.7828690156914894,-1.0,-0.41577813935742036,0.3247440127537674,-2.5004316945536464
0.49256401352099843,-0.6022246886222848,1.0,-1.0,-1.0,-1.0,8.571161521815103
0.3137575108029581,1.0,-0.20878158785802425,-1.0,0.9802284464212317,-1.0,0.33728000981922823
-0.09885892779926583,0.2988040434721733,0.598703503786645,-0.3382950534614387,-0.32520625274625226,-1.0,3.0549761958971944
-0.9527957534325306,-0.15141851111737115,-0.48705790966989226,-0.776259465287649,0.26143861402953905,1.0,4.122668553407581
-0.8518606222180758,-1.0,-0.40049527596642576,-1.0,1.0,1.0,1.3211067373981638
0.6550082598910741,0.6532747122700524,-0.09958230309275676,1.0,-0.3740355681573004,-0.1781069476864795,1.9641946746194539
1.0,0.6752774713449157,-0.031106201887408425,0.8825718422374922,-0.13487536526440683,-0.7567746590428616,3.856895332098002
-1.0,-1.0,0.7999901347820306,-0.10058167807837864,1.0,0.2942037939066875,2.646596650941851
0.13527425916611593,0.023971538894929312,1.0,0.8185083997899775,-0.21474759821460165,0.2757772263222402,-0.572103800008541
0.39622478522949056,0.35526658771599506,0.21957447320785356,1.0,0.15211655926745193,1.0,1.740744450120141
-1.0,-1.0,-1.0,-1.0,-0.44383518543591394,-1.0,3.2451609771246224
-0.010505221274829224,1.0,-0.09280411716853787,1.0,-0.6027489544250036,-0.5686694180911724,2.753700214763478
-0.06921673389744787,-1.0,-1.0,-0.514351836622486,-1.0,0.7217369889472777,0.40159665260906563
0.5914550427905942,0.6241233464731248,0.01067454748998431,-0.0101597822538253,-0.48669822963321335,-0.16314320718636233,0.7979946677871815
0.9422810408148744,-0.9944395646126066,-1.0,-0.9995211258239054,-1.0,0.3163799865027014,9.28761389821823
0.17746550532448463,-1.0,-0.463941064329419,-0.016741136773955945,0.7252777970164868,0.7127365432286898,-0.030680588043990653
-0.3322830094759046,-0.22025335360328935,-0.07427071647533906,-0.042914544437029245,-0.9046676739942067,-0.6492565132232511,0.11054180494913354
0.3164349795922896,1.0,0.2934597779357502,1.0,0.024380506630259036,0.4055740059494417,-1.1181410935188214
-0.545080316670417,0.35639712972722615,0.12231561899004428,0.8019246896151245,1.0,1.0,5.589523882944116
1.0,1.0,0.39209219633694375,1.0,-1.0,-1.0,11.442849950961596
-0.31354719422462174,-0.34652319018110145,-0.24412479919887042,-0.45421712251496105,-1.0,-0.49644020199745387,0.49874313093448636
0.12117563785428664,-1.0,0.26404088255795344,-0.6247276062672612,0.6882765131579796,0.49622098903901773,-0.5744490475699584
0.18906023674200123,-1.0,-0.6211514956559165,-0.5298643800466332,-0.9373411332469019,-1.0,5.09539676996338
-0.8435919414944446,-0.3334564311547943,-1.0,0.6757419089244423,0.1567669070347214,0.6716901784463563,1.7707986464045968
0.2071934912663549,1.0,0.9253144771805271,1.0,-1.0,0.0551986997210473,-0.145725719041005
-0.5895594850476342,0.26490399391849284,-1.0,-0.4466333451260577,-1.0,0.3567466668011102,-1.0720098084470646
1.0,0.3162107501639291,0.7546287303947459,1.0,0.6052773588338921,1.0,-2.322738419123602
-0.6020035695517234,-0.5104965356758945,-1.0,0.6608457472994517,1.0,1.0,9.017056464146002
1.0,1.0,1.0,1.0,0.1933193233422742,-0.8483840678149593,-0.3707616026398708
-1.0,-1.0,-1.0,0.557765410497609,-0.02143994668549587,-0.4575245851221952,-4.550084636147207
0.12663984701875658,-0.38693388672807916,-0.6092648895020576,-0.5160696877122382,0.8008126737161372,0.5834083052798169,0.06077489672564734
-0.41909375442627606,-0.0641565937334071,0.9721626986934397,1.0,-0.25328631940785035,1.0,-3.0237086556952595
-0.7137445408393702,-0.7036295858990353,-0.7087325919759402,-0.7789677519613047,-0.43425398156699546,0.39512406737358036,-1.013421107790963
-1.0,-0.7188353450572611,-1.0,-1.0,1.0,0.8915174617284093,1.0586710550247105
1.0,1.0,0.5164454056367651,1.0,-0.9315455062271514,-0.6066943184924538,6.907286640552819
-1.0,-0.08385738504915041,-0.7563222387959376,-0.20937350271300303,-0.2457337121509699,-0.256140734010738,0.20887637140138837
0.10434879688195309,-0.35439411548689964,-0.5069951916614176,0.047790427103724886,0.08884101147105028,1.0,4.015034057924265
-1.0,-0.0625974852543858,-1.0,-0.42177323616378004,0.4628300172366065,0.09326537959912012,-0.517996570295786
-0.5807107765286307,-1.0,-0.7501374674900729,-0.3189430434079088,1.0,-0.7279291811136771,0.6176029494037112
0.5186727853084773,0.5268086491161941,-0.7211544362030813,-1.0,0.2104655709306289,0.9241901532551539,4.446944556460475
-1.0,-0.43326471913602216,-1.0,-0.6350712365762714,-1.0,0.7850004944140423,1.4534380679374839
-0.5716788050002164,-1.0,-0.11867718281829731,-0.20321592850567205,1.0,0.5426792467706725,1.1502296257439182
-1.0,-0.9492123297866462,-0.6555653007703983,-1.0,-0.3167808014124648,-1.0,4.2951501882776615
1.0,-1.0,0.06922727724539035,1.0,-1.0,0.04024925875497054,6.983538324239477
0.433383083415233,1.0,1.0,1.0,-0.5374095379965484,-1.0,2.7717766484374016
0.05277841866479904,-0.49963944002479255,-0.6642108275332607,-1.0,-0.21709406038778725,0.6416704800378757,0.734485117176217
1.0,-0.1852818296307892,0.20204223834523594,1.0,0.31766001445168723,-0.8233862070486176,2.417972851723756
1.0,1.0,0.07366861582224438,0.19545246769333136,0.7397924069301075,1.0,1.7028139924036612
0.5096708501617224,1.0,1.0,0.2514954903538835,0.990416077436854,0.8430416801787914,-3.052104825606926
-1.0,-0.812652781576402,0.29614442327540025,-0.737787747370894,-1.0,0.15388063560926463,-0.20421849146200477
-1.0,0.03344706762115368,0.8823183748842992,0.48885928796828904,0.29553206885889793,-0.22081201568676304,0.8119728873506316
0.8536821077959588,1.0,0.4256752598057343,1.0,-1.0,-0.2268023624880019,4.643968859083006
1.0,0.11495175549230682,1.0,0.28924288469194326,-0.3483800103220825,0.8246548403326533,0.2427714087644247
-0.23105523299690434,0.5406841427770988,0.04529307794014137,-0.8303898853506502,-1.0,-0.8714691551040593,0.42106178576744946
0.3405903670876527,-0.9094616348399351,-0.611325232200312,-0.21772132946043948,0.2656796607368024,1.0,1.1421951472477156
1.0,1.0,0.7500009130015389,0.2957860888291949,-0.9171603660136343,-0.3368833754101902,2.7009335642908887
1.0,1.0,1.0,0.2741537922212929,-0.6450248678566995,0.42897747640162004,-0.40737351877756345
1.0,0.09978414439393635,-0.47750834679005205,0.04989573174901463,0.26033007771891115,-1.0,2.1233001795088704
0.7863638886530993,0.5393283850209758,1.0,1.0,-0.516952567596294,-0.541046684707682,2.902284619630378
-0.5026095507801358,-0.8990785114716069,1.0,-0.1511772885818109,0.39254941517596037,-0.2669344859919882,3.5459329796027053
1.0,1.0,-0.25764285403171294,0.6409665046985841,-0.6753402566296355,0.30211594721880863,4.545426482363256
0.6723883746868152,1.0,-0.3352280229769126,1.0,1.0,1.0,2.2779056765551884
0.7218689879815381,0.682146033795997,0.22545522513399274,-1.0,0.4591029506396465,-0.3397596669869681,-0.609147370511759
0.41971671909084374,0.7305466870825057,0.46651262547442807,1.0,-1.0,-1.0,6.738903184738417
1.0,0.7066836782419841,0.2262219086430558,0.06888243183696985,-1.0,0.1828556163304551,2.382042056839082
0.42208092873002945,1.0,1.0,0.5900923735508325,0.24856608216883036,0.8129866442287297,-3.6349724342095113
0.11051436731310715,-0.9748390433084418,-0.8343379984078523,-0.6425289999276644,-1.0,-0.029898603719218597,0.4440191830358423
1.0,1.0,1.0,1.0,-0.3680852384811505,-1.0,5.467394017122823
-0.07467144108648538,0.25266299215737675,1.0,0.7868823784375081,-0.6312069366518365,-0.7202668874600211,0.38747053108370616
1.0,1.0,0.7093977324357825,0.7776849916125346,-0.6711957939559905,-1.0,7.783975135413749
-0.4810728921458066,0.7578545997234997,-0.648526860577439,0.4604434730047818,-0.7052323987376697,0.27363968864982224,-0.13130670789815624
-1.0,-0.5705775217537763,-0.3066482702137956,-0.8585233452123426,-1.0,-1.0,2.4095529402369444
-0.905649773367797,0.6272481501992759,0.3070501486462231,-0.610846611464964,0.32698866327035603,-1.0,1.7963831387134859
0.37158148887504316,-0.3512039738376291,0.5540079338499988,0.16937368100216083,0.6701561917228119,0.28933083686850036,-1.6502865769782322
-0.24599172693113225,-1.0,-1.0,-1.0,-0.08264063525878218,0.49492208805469207,-3.790305579807497
1.0,0.38116708570858615,0.9661941873359237,-0.14046594460606537,0.2810383629914772,0.42033377672326644,-1.6915684101968194
0.9002789796397835,-0.26063757835971596,-0.9130782369733564,-0.29071879388700295,1.0,1.0,-1.461253733825672
0.4150689892687659,1.0,-0.10273228359666275,1.0,-0.07376200885961923,0.03411293202014034,1.5854916429252466
-1.0,-0.6094321689232648,-1.0,0.2263633546320648,1.0,0.8289715295623447,4.242154114710747
0.4012046866098251,0.968731711346634,1.0,1.0,0.6889782935789149,0.031036888437695462,-4.8692296339091685
0.5346910484400083,1.0,0.3758525255650662,1.0,0.33430219821875673,-1.0,1.8375270824786436
0.02603886839957359,-0.5453381361400851,-0.6968560294689257,-0.38155813503794334,-0.3737861194107823,-1.0,2.373198256122297
-0.6403994645004814,-1.0,-1.0,-0.8652091803822455,-0.03386336853034222,0.10050374988278594,-5.718718011377774
0.7084411492400151,1.0,-0.7683038361871257,-0.38731803237720885,0.4056631919238018,-0.6570944315618386,1.4032498083698932
-0.5494758828422047,-0.24718194199823829,-0.47483761288881554,-0.8253414195564801,-1.0,-1.0,0.7779676742620283
-0.5971234844624937,0.9593361223185134,1.0,-0.5481655203104441,-1.0,0.5676621053774364,-3.884076021455583
-0.4543557033091826,-1.0,0.753743055425113,-1.0,-0.06222544425784071,0.6637462612215013,-2.249871381969643
0.20288162604206117,-0.1627126724439386,-0.4974524514885,1.0,0.7781838730965157,1.0,5.569381715614805
0.6368490527034997,0.5583762454134529,0.4906630385119235,-0.09010918634581,-0.4760429611372896,-1.0,3.7302323377740465
-0.7476519030063964,1.0,0.9013160877804597,0.012769701708181591,-0.568202388566291,-0.45241970053558944,-3.758715240584834
-0.1760192954950336,-0.9117966272082976,-0.14290819307258543,-1.0,-0.6414567405865457,-1.0,5.568287986596015
1.0,0.39613383425709836,0.06053201129806185,0.8383319656896232,-0.34345464264573106,0.031078078904297618,1.0872747613274378
1.0,0.06194411593125593,1.0,0.540812234903435,-0.0017642717868886493,1.0,-2.3992356869147256
0.7484008669215025,1.0,1.0,0.11081458473555295,0.9043414440684667,1.0,-3.142651778131122
-0.12469697536027735,-0.4726480565060631,-0.8530132054927928,-1.0,0.7924386031004141,1.0,3.8962855663625153
-0.10420658080107037,-0.952035312296016,0.08528676382131484,-0.6108092994057606,0.9597785008975832,1.0,1.4345327444709088
-0.3514345478538775,-0.8433105914749986,-0.47467825215625903,-0.5989578296498771,-0.05775701895169483,-1.0,4.076621016160425
-0.8080733068828776,-1.0,-0.3960369442008364,0.2207021237224377,-1.0,-0.812041219107339,-1.049456145978934
0.5451260074656216,1.0,0.05238937579989433,-0.5358889733290955,-0.34218857008332737,-1.0,2.4885400968515126
-1.0,-1.0,-0.9843007929970541,-0.5834764597618878,-1.0,0.02574381317540897,-4.1300760564735794
-0.4968215576607543,-0.06824856828654702,-0.23835166085872528,-0.8446971678563499,0.9358722149143038,0.4311600387561403,2.7170935455768306
-0.6598952702223431,0.030721007289082128,-0.9237688809998188,-1.0,0.6637136488190984,1.0,8.07750066756857
-0.6746132589896474,-1.0,-0.4920195633140929,0.3123847526391149,1.0,0.8652736437663248,2.8032518794013077
-0.46479881429376535,-1.0,-0.9855039692076157,-1.0,-0.8301895839684069,-0.7917973328837647,1.6250922907424998
-1.0,-0.49278810010142554,0.6345996244861773,-0.5428591499258184,-1.0,-0.07901421593768165,-1.7294614440838985
0.12820169722688557,1.0,0.37847905583617614,-0.7265158436045271,-0.39939963872842577,-1.0,-0.3731469358479933
-1.0,-0.9699007480191966,0.6752851279284056,-1.0,-1.0,0.2546513831607284,0.6200835773310678
0.18283466276006122,1.0,1.0,1.0,0.4551711589523233,-0.7071722418265038,-3.731483688009639
-1.0,-1.0,-1.0,-1.0,-1.0,-0.42987726211255306,-0.07511958156482296
-0.3358461301503323,-0.15485108064589853,-0.6384140731618706,-0.26898553861096497,-1.0,-0.052130736440005876,-1.5193017338409842
-1.0,-0.10154551795078048,-0.4757248534205025,-1.0,-0.2969353030811791,-0.6603915431447289,-0.19050291854768053
-0.8990218936207319,-1.0,0.9762619690797506,1.0,0.3078502154846802,0.5454827926603371,-1.508337156410274
-0.08492101628683191,-0.3427301597945558,0.7775345643825473,0.5174978333881631,-0.9893808606830107,1.0,0.2494542326417239
0.07578361106995501,0.36951181730145155,1.0,0.32840868079517116,-1.0,-0.24228452838303993,-0.18152980089520088
-0.543241864315055,-0.650578424318393,1.0,-1.0,-1.0,-0.6223483303685544,2.681702779394517
-0.34616255067530766,0.47340064487262007,-0.15359385424681482,0.5624448556607873,1.0,0.19866565778725054,1.1857362608150874
-0.12945676473790324,-0.9933529056003378,-1.0,-1.0,-0.13241462378720825,0.7448518704141098,-1.6034944995221387
0.45768587183520015,1.0,1.0,0.2890789373829369,-0.017909927628635525,0.6010681337254685,-2.5182197685641676
-1.0,-1.0,0.0806077950734978,-0.678130783948621,-1.0,-1.0,4.087384160985282
1.0,1.0,1.0,0.16132736438220885,-1.0,-0.059056880129330525,1.9340682878476194
1.0,0.6769889435187986,-0.8966570228545068,0.7296660135253465,0.07430142751947322,0.1664854850955314,0.8070709097521305
0.7397230325591992,1.0,1.0,-0.1698039828791773,-1.0,0.6774071436401913,-0.22156262766638074
-0.25779919433733556,0.3222903262790099,0.8964408937227082,0.5083584655769945,0.5437272241379787,-0.46102108389076174,0.844878232873991
0.5986445697393739,0.028913901981626244,0.19203684717780942,0.4126368730305096,0.7275378422655197,1.0,1.6248627058009315
-0.6474176422377278,-1.0,-0.11697890213076512,-1.0,-0.28727749426690574,-0.4791838332671554,1.0659403380135961
0.6145750807234389,1.0,0.8712966667068955,0.33823833890366095,0.45113964048668787,1.0,-3.172802284622376
0.1742970249336686,1.0,0.533843447913155,1.0,0.42009695014426074,-1.0,0.22030664420218637
0.27254667973935737,-0.7133474110547678,0.28321535881539917,0.44411415867671955,-1.0,0.22432761352529934,2.1047922563227273
-1.0,0.43209578959243006,-0.6133048159770549,-0.7022807874890882,-0.2695824460061853,0.5445496586834307,1.8297119779130384
1.0,1.0,0.8020846897231521,1.0,-0.1484267442857201,-0.495185493606141,1.3805265744043798
-0.36859571112896417,-1.0,-1.0,-1.0,0.9975188165194923,0.5396482528003759,-4.612984279654729
0.7014405749761192,-0.03512566127669403,-0.8377138409991368,-1.0,0.6334075341998268,0.388561755435364,-2.015937357151511
-1.0,-0.7132808853127284,-1.0,-1.0,-0.17536388575477857,1.0,2.1102124978382752
-1.0,-1.0,-1.0,-1.0,-0.37206557230358056,0.4780701843750428,-5.80958512151539
-1.0,0.17113024879078942,0.016727069771717513,-0.9405619104297749,-1.0,-0.41955914080868617,-0.4452430152815655
0.08901889090500903,-0.1841289170777334,0.44684304247341045,-0.051888279164386514,0.45905123873751613,-0.3335173938218269,-0.6488288231163634
-0.8670262059323602,0.15010123076822968,-0.768269223350864,0.6852259826936817,0.8876569242702221,0.5705168076655478,2.7115550320581097
0.6062637000065711,-1.0,-0.760600468910273,-1.0,-0.051501825790645106,-1.0,4.3232562252980875
0.10316786748351237,0.02948304290162021,0.25802431416028415,0.6788398393729737,1.0,0.4456216763187806,-0.03421063754169423
0.5165408713321303,-0.45695890868817934,-1.0,-0.8435724125467146,0.5447997823773594,1.0,1.3909331515947452
0.4473119288623546,1.0,-0.9069413973379342,-0.6529308634721883,-0.7829594210888042,-0.17619460441273643,1.8084811520356339
0.04070466540934864,1.0,-0.013753009811626027,1.0,-0.6146191250939754,-1.0,4.7533095796121225
-0.13778231632012594,-0.527713915496818,1.0,-0.9591508371916384,0.0020517416442661363,-1.0,2.9501603871766457
0.3517900868615136,-1.0,-0.9981419203107454,-1.0,1.0,0.7288158992492508,-5.490215513349567
-1.0,-1.0,-0.5934444203442342,-1.0,1.0,1.0,0.08553647302102108
0.02044868987457904,0.42906245886703087,-0.317756483579529,-0.26885784200944296,1.0,0.3192134251176628,1.3731025383542588
0.5239122451460656,-1.0,-0.33356815009494617,0.3670012720046288,0.5819564238684491,-0.4115916218861062,-0.8475438910763404
1.0,0.1699476955640346,0.2619286380428387,0.5333966031546796,-0.19882657189793118,-1.0,6.5321691932206365
0.3469256493176366,0.47916143672909306,1.0,0.5286580045070381,-0.9213287165340472,-0.7370211847991158,1.3417163227080786
0.8934134711219686,0.8443336731270115,0.5541132869314298,0.7501710746584429,-0.6652774417826592,-1.0,6.295221219275063
1.0,1.0,1.0,0.47348866701604764,-0.5713540731283785,0.5583639734834251,0.0390861637785439
-0.35445107516918584,-1.0,1.0,-0.9321551242085644,-0.02845799931485038,0.7630025499656405,-2.011380664598547
-0.024607398560984928,-0.0780296332268347,-1.0,-0.22952369505828663,1.0,-0.7707543447456519,-0.7205465857378631
1.0,-0.1447485040153984,1.0,0.10057099931068425,-1.0,-1.0,8.074424306351256
0.6706900028487931,0.2721483046613803,0.0018729713333767717,1.0,0.17818864970560944,0.3156911050606962,-0.8545932206070862
-0.7477449250369825,-1.0,-0.18335856474086792,-0.7782118505148818,-1.0,-0.8669299241051849,3.67889196755489
-0.013305011327075622,0.700435734509701,0.44592869039839983,-0.442110352428987,-1.0,-0.20787289446717128,-0.3727111189785064
0.840226932842528,-0.01580486376504764,0.8581060560001292,-0.5157391647961376,0.26237110622866966,-0.6380243648989877,1.5685481231199674
0.7716738305455617,0.3865593093338971,-0.3868553847379638,0.4284463641508731,-1.0,-1.0,4.9821435717334905
1.0,1.0,1.0,0.29668653719174,0.2629955343799669,-0.15949660063800802,-3.169788071126349
-0.8749047462039272,0.05601998354749216,0.0029695843843374203,-1.0,0.07945967500120887,1.0,1.8734196485678456
-0.5559440233355477,0.3524422159359616,1.0,0.2984726335732814,1.0,0.6038126845763732,-1.3783274288554248
-1.0,-1.0,-1.0,0.13394437405354354,-0.04033519635499405,0.11880422195062446,-4.983337717001419
0.04678126126551985,0.2908571718513455,0.6480901168764867,1.0,1.0,-1.0,0.13113232217719495
-0.6179124005054537,-0.6005143258815835,0.2406141227480197,-0.277136276959481,1.0,-0.5932307114741716,2.715103465584825
0.088151589572389,1.0,1.0,0.5154675432623252,0.9631392245689281,-0.9856098581454977,-3.4798259625787122
0.14132574871696213,-0.1929935161745473,0.40141861344058094,-0.6743172653675532,-0.6335295842764426,-1.0,3.8822259224884155
0.041616062889204886,-0.7378649754084806,0.8501946728287852,-0.19721416670516662,-0.1606278892919164,-0.06702601588849544,2.2877626917262632
1.0,0.2459437439083073,0.22242975877046642,0.22766441382333424,-0.6375797976309302,-1.0,6.835979606334646
-0.654273605882298,-0.12789778696455678,-0.34088400395816487,-0.29721726834825724,0.38706722995411796,1.0,4.443664234474266
1.0,0.18001845320055,0.8475791637164645,1.0,-1.0,-0.6151106903566226,6.455871272759889
0.027063397076045104,0.020676398977044264,-0.08392090826468634,-0.1357656712508715,-0.5109079316608052,0.4384831036134002,0.9754085630107011
0.6801965245371316,1.0,0.18092916712978246,-0.17175083431516253,-0.04174785147694554,-1.0,1.785418148105801
0.04477182295482174,0.296500633954761,0.6865826825990946,-0.38939376975032525,0.7041043673926305,0.13312039565349468,0.5829016081542012
1.0,1.0,0.5727923507014832,1.0,-0.15081204210121954,0.11206455485474448,-0.09118978925007391
0.589226702704514,-0.3533787859653552,0.8987632208595017,0.11850584025613636,1.0,0.7755854737333232,-3.590195415875529
-0.20339620188012852,0.891435033496065,1.0,0.47209543427530537,-0.1506051571174244,0.9038979513458498,-2.3181410466449224
-0.5651496001907917,0.9331901836904177,-1.0,-0.37164134686891104,-1.0,-0.20517941762653158,-0.6919936700259655
0.10722928294466039,0.3681281895642242,-1.0,-0.7551170684698139,0.34891411035748104,-1.0,2.293635294443545
0.11156306942820232,-0.48674389534158763,-0.7717554219380474,-0.6286000928333877,0.35068701548578807,-0.8119311118395514,1.7985710048871077
1.0,0.7296454589946848,0.8436292113717798,1.0,1.0,1.0,-5.807742179937076
0.6470542208381309,1.0,1.0,0.5507601106205974,-0.8083061884074165,-0.7779235917829744,1.3004074523440936
0.4086695395490838,1.0,1.0,1.0,-0.8707486001024305,0.05780715385256774,0.03755240399906612
0.16978842356415885,-0.43580165520995273,0.10477450284754306,-0.69052543010392,0.06454346538113281,-0.03217068160288426,0.20677031114925282
1.0,0.9989261403646428,-0.9104327732996756,-0.6133976104879442,-0.015571488149721535,0.2941119236795433,2.7749650471156477
-1.0,-1.0,-0.8041799347849542,-0.7366730551042944,-0.28247986410451675,-1.0,2.1256405811306482
0.7107801424147944,1.0,0.4744994849938087,0.856747214913109,0.33011714475237586,-0.27208910885936277,-1.3767922188740016
0.29439552520853784,-0.8774001768584823,-0.8172718654516999,-1.0,-1.0,0.9855221128874381,8.692059602599004
-1.0,1.0,0.3243482781253175,-0.25315559601534804,1.0,0.15547864881022844,1.6839229508903566
-1.0,-0.3856989672605222,-0.33955831790577656,-1.0,1.0,0.2488938381216952,3.060368304681777
-0.8735377931069681,-0.9631303200989101,-1.0,-0.30311571680228766,1.0,0.5021686253752492,-2.8389306520130693
-0.5737506602498741,-0.21851093460526427,-0.9157025241529406,-0.38007762225488473,0.913090683210701,-0.04058151122631701,0.13457856392521578
-0.5692351331732919,-0.7682195204490253,-0.966120703352411,-1.0,-1.0,0.2421965984011259,-0.36158775931600273
-0.56519538289583,-1.0,0.11865862440875391,-0.787951386224875,-0.6462074819268566,-1.0,4.680815074998579
-0.9342932378253861,-1.0,-0.5943209810787731,-1.0,0.36980431976890293,-1.0,3.7694382920149794
-1.0,-0.04271946435695795,-0.10718050479029251,-0.028451991190156845,1.0,0.5841094244932525,3.364862478049629
-1.0,-1.0,-0.6797949851636981,-0.6087455339077885,0.607325362309565,0.07198715159570879,-2.819502827308376
-1.0,-0.1372569673208172,-1.0,-0.7710750847959132,0.2111191916953018,-1.0,7.220179176511165
0.12657472922776636,1.0,1.0,0.1337894564081734,0.8392537434026794,0.3193594002029849,-3.0984529780389827
1.0,1.0,0.5704527655176109,1.0,0.24730877236933968,0.5103023964846787,-3.305852070189716
-0.4407968152019735,0.30565878952391656,1.0,0.46855421490456006,-0.5963214970894455,-0.6344730022501113,-0.24675713429863816
0.3606143452556201,-0.14719863452823656,-0.4711606693978958,-0.1679651716977808,0.2051730364587712,0.48038542815715624,1.0276319289650389
-1.0,-1.0,-0.861882928792735,-1.0,1.0,0.08668213517420087,-5.000098442595154
0.12267436067152371,0.07287290864116547,1.0,1.0,0.34897229324971946,0.02819114261516198,-2.8449899588858023
-0.22497363145345056,0.18089407272113694,-0.5651270862381421,-0.0023310888577074834,0.6959501244271781,1.0,6.203510811782581
1.0,0.6923963460443034,-0.4955952529271434,1.0,0.5244465965952824,-0.5699385248439836,0.14071856828763216
0.05258101854427821,0.2486197196474207,0.2862794969192123,0.4022064180700714,0.5506938196162532,1.0,2.578020694866685
-0.5289182099785577,0.5620094136191114,0.7388136142671191,1.0,1.0,0.5234696893924352,-1.622738868467637
-0.8805308458871554,0.23068006364423477,-0.5972874791246343,-0.29645842441748244,-0.5227742642532704,-0.4003666108212055,-0.6068499879628972
-1.0,0.7724277721329844,0.42920491745739264,0.41618543757644266,-0.22128880369471582,-1.0,1.3495516617618126
0.020639025854593873,-0.8456161834002113,0.4425734976648177,-0.9042710557164766,0.3329454518596662,1.0,-0.35069346579694516
-0.5005638824684402,-0.6215892809359447,-0.4502945337716655,0.7557405204056213,0.7246558123032406,0.12360819750347407,0.338265887016753
-0.5357702896260261,0.4667000953078442,0.055757906867900886,0.3481124811184345,0.10318991552517098,-0.9262930295735002,1.479164511109237
-0.7404733555057632,-1.0,-0.557313818685349,-0.599719259781356,0.18583072557174496,0.34191163193695306,-1.8452784135799987
1.0,0.5867427674198404,0.056956210233285676,1.0,1.0,1.0,0.8196447194783428
0.6004311771204633,-0.008225878505337292,0.10358750737070599,1.0,0.11108054937459723,-0.32814654642499097,0.8144640347095073
1.0,0.9997811318534344,-0.5470513852160573,0.6707913356413976,1.0,0.7484425785984115,-0.1855822869140523
-0.6150082498814887,-0.3503987075692825,-0.7930749305410535,-0.5581705632030955,0.970928952543944,1.0,6.277508638408242
0.41849612574025863,-0.7748911247850709,-0.28775910312185426,0.7947564624243233,0.02563887044047375,0.5653178607977353,1.3075132281427022
0.24929015502968122,-0.5232751024637092,-0.8306068223896272,0.3688152872427257,0.5033833025234318,1.0,4.7920772937630565
1.0,1.0,1.0,0.6421681306368323,-0.46368374335131424,-0.398764171256192,2.1215261865373085
-0.09847745477597791,-0.22316250645791508,0.2665108588529642,-0.1243896119117856,0.8017452598581969,-0.35864752331379374,1.5044043809103451
0.975864898166632,-0.3669755215348909,1.0,-0.048663072843727784,-0.5236074247090163,-0.7665337172870261,6.0782581420998785
0.32135294784461654,1.0,-1.0,1.0,0.4106172156536041,1.0,5.52399201790238
1.0,1.0,0.40225260200991486,0.8933348763910167,-1.0,0.888749522688606,6.165307471828267
-0.15255787970182266,0.6419891154513673,1.0,0.21907905297696714,-0.1291562286471748,-1.0,1.6742396809288331
1.0,1.0,-0.14334089198610195,0.08288339046180582,0.7188135790029289,-0.3968690854430932,-0.5587865935467315
0.11933136178653658,0.04147477889986728,0.5944383611224393,0.38406022720526634,0.9074088272491103,1.0,2.250584959847738
0.39457059960760055,0.5469244640042699,-0.7843384770048363,0.5695630993320294,-0.49361527193238336,-0.26551396370475255,0.6714606440326644
-1.0,-0.06533336196925044,-0.19152222198036117,-0.8123843949659428,-1.0,-0.49942603719465517,0.20895947131668913
1.0,1.0,0.4973992076805758,1.0,1.0,0.5153742432202684,-4.742146561362941
-0.19991422326177433,-0.21968949208052352,-1.0,-1.0,-0.10275884523601514,-0.1347735199640958,-1.1831650522121193
1.0,1.0,0.3569967973368331,-0.30893049072181145,-1.0,-0.27975137070736755,2.7442200842939344
1.0,-0.15637255106889736,0.6646847323167797,0.669946387842839,-1.0,-0.94458455142774,9.249433876920925
1.0,0.37850386244329703,1.0,0.7203371713578761,1.0,0.6668570925669985,-6.72377251135215
0.24918210937851631,-0.983909581815739,-0.529418326002401,-1.0,0.2294252684637088,0.11380611635561955,-3.2487191283336125
-0.16932173517310417,-0.7635790930467063,0.33100011314276134,-1.0,-0.35183956960351914,-0.3870527718738199,1.5233801654715247
0.2034537689443652,-0.3309946314909731,1.0,1.0,-0.28236027692172594,0.31434847416610234,-1.2485874422901715
1.0,0.9136935582833581,1.0,0.539040375023618,-0.5967886838695275,-0.877259752939093,4.302480500189879
-0.655728337276689,-1.0,-1.0,0.17136318379792065,1.0,-0.15268023839397243,-3.6006333083419095
-0.9958907751067285,-0.028572693040970765,0.43225709526305034,-0.03491793623048178,-1.0,-0.7098882572051699,-0.879514858363137
-1.0,-1.0,-0.5613999889719142,0.5143704317613029,1.0,0.9607826467209147,4.325454537276527
0.1693717340664217,-0.7021418148774163,-0.6921734240235029,-0.04393032200771291,-0.03642665623510366,0.5308060994580859,0.3037667687108845
-0.7096316781683538,-0.06689785874914533,-1.0,-0.598560130526614,-0.8239456275882343,-1.0,2.1741072895987004
-0.6047678971974324,-0.4022690430730635,0.887037303490394,-0.9653284636488824,-1.0,-1.0,0.4999634072128174
0.6505714406425565,-0.30699769033682894,-0.07820624186721148,-0.6651231279252947,0.6390972746349701,0.899021438154398,0.11111615427035615
0.1076035809239595,-1.0,-0.09610984527247893,-0.6314715256103962,-0.3477645067337484,0.10544474454299439,-0.4400874802301277
-1.0,0.7110445656411506,0.9425999790135469,0.8180898161434117,1.0,-0.509686648613882,-1.158866708611101
0.4722923034114811,0.6972007755522448,0.5809761220465675,-0.42734247032660333,-1.0,-0.7960112763672981,2.2321997847516335
1.0,0.17722905023808813,-0.3372734172681616,-0.6877769705907344,-1.0,-1.0,5.656490666133487
0.44303416188394795,-0.3664894983977404,0.7055841993934729,-0.15471974304655717,-1.0,0.9518946642341812,2.653950495214166
0.8599806341702684,0.31063669991807347,-1.0,0.8183455013838207,-0.6390697751783994,0.36701642328996165,2.335581251215632
0.36766934813583196,-0.9180670343871778,-1.0,0.6123269926302679,1.0,0.695676904197097,-1.1855353420192893
-0.3403372418097668,0.8414566520374208,-0.3453143400039472,0.40556976138615575,-1.0,-1.0,1.114262305366347
0.314501027438071,1.0,-0.1878006609524708,-0.4264402715547885,-0.9096991984244952,0.21823937688323336,1.3427244009083716
0.3808452765597874,1.0,0.8826623522467844,1.0,-0.7437705822916528,-0.4104712772288682,1.021640351978343
-0.30679132357927485,-1.0,-1.0,-1.0,-0.8148876206647383,-0.47727162258962924,0.8139344523210443
-0.7989809931210496,-0.0008900533965874313,1.0,0.9399622712262259,1.0,0.2791390638106377,-1.9713927216082692
0.42965609525509896,1.0,0.6499167803508027,1.0,0.08617398019837741,1.0,-1.205516460426157
0.7966066979613855,0.3627468296118601,1.0,0.32447960931655084,0.8121630753790228,0.11216527971817114,-3.040914126163637
0.5133559372731579,-0.5438394341486159,0.7530555127086402,-1.0,0.4069535429242652,1.0,-2.0452149439529204
0.057562088331530425,-1.0,-1.0,-0.8342330124038746,-0.3547527703500001,0.2708490847061378,-2.532350367312488
-0.6422465112031055,-1.0,0.23154943330496802,-0.5116522531691431,-0.5620790515955105,-0.5458938573195014,1.6838967305452481
-0.2275796360709974,-1.0,-0.4164503690980139,-0.7229964764661454,0.6401689677765574,-0.8611621819889865,3.0679667675352515
-0.23273762124038974,1.0,0.1268813732384923,1.0,-0.43228549371855407,0.4779071865519684,-1.0090921501440695
0.12524339449872818,1.0,-0.049937589400871216,1.0,-0.8575369029798977,-0.6242904687353217,3.7030495260879466
-0.4901168132447227,0.7182440766690082,0.45579806719599464,-0.015294970156094961,1.0,-1.0,2.406198644564314
-1.0,0.18584759245799032,-0.582954795188906,-0.9638715315217927,-0.5364524286506327,-0.39747109333700537,-1.100184011642782
-0.4727263970293645,0.6560532742517703,-0.4664453193460933,0.4697710368739433,1.0,1.0,7.503365833788279
-0.6285553802064197,-0.2064987276978658,-1.0,-1.0,0.3022758606329213,-0.9543797752212169,4.029453224407852
-1.0,-0.9219850232814162,0.9511617804295176,1.0,-0.9717177047237333,-0.9750142670858957,-0.7781504022165641
-0.6988188002859156,0.4929099261215657,0.3066243574963247,-1.0,1.0,-0.6027958187638364,3.9471338414136543
0.6676287795288343,1.0,0.06505055085420539,-0.003437799009062492,0.5120412835671366,-0.6287780745647509,-1.2555701799841794
-1.0,-0.19024713325225218,-0.5131064401109093,-0.7378595904103162,1.0,1.0,5.762491849379407
-0.5562988945409326,0.5266700419125284,-1.0,1.0,0.6410502288018801,0.3032705949582478,0.11294342392051845
-1.0,1.0,1.0,1.0,0.4375542025942389,0.5893431272118023,-9.157038554204359
-1.0,0.30421493064987043,-0.7300109373129104,-1.0,-0.7771595151455535,-0.4786047588878524,-0.8403459518747896
0.031122865880132355,-0.10392809225240596,1.0,1.0,-1.0,-0.11381654768754723,-1.8735924243033786
0.07493828191911833,0.07180110361066513,0.7605298656856343,-1.0,-0.7748966233514277,-0.9943959027226499,2.432296989099674
1.0,0.7623196139342394,1.0,1.0,0.4103232856255854,1.0,-6.849232328103202
-0.6745272269765733,-0.38184098884638895,-0.9242621918791807,-1.0,0.033428059942392535,0.4759627208431362,-0.6000792660337368
0.614624318913145,1.0,1.0,0.7675194085025285,-0.0034896379843598613,-1.0,0.14829246766772103
0.39813027939629303,0.8049061710036618,-0.958374571654463,-0.7605719185866346,0.9974839744303017,0.3725011579298409,2.2801375607730203
-0.4768559735332514,-0.08188021260490763,-0.018425241403658907,-1.0,-0.3871768748196936,-0.2823336744205525,0.6345315786274573
0.5583113295178845,-0.314239154456583,0.8345438538150822,1.0,1.0,1.0,-0.9997208795330131
-0.14265719408824484,-1.0,-1.0,-0.9332485958806647,0.8282395143287556,-0.23540206570951708,-4.677624765040519
-0.019507121223522494,-0.005510731505850963,-0.5080748666441777,-1.0,-1.0,-0.15061168939941735,0.6779965155256167
-1.0,-1.0,-0.8786838490706487,-0.6250813203661699,-0.8408659774348701,-1.0,1.737200690440553
0.9053996168122354,-1.0,1.0,-0.7873624275013738,0.03860296308977684,0.6802644154650161,-0.5875461750044076
1.0,-0.6895699770713345,0.6845636001212053,-1.0,-0.5622022375620086,1.0,4.40323234390282
-0.4423976930357103,-0.12305821296356811,1.0,1.0,0.5781527678257019,0.167410385392528,-0.2507173459651435
-0.02069599213220577,-0.040540047240171295,-0.9163201745025452,0.5408636625221153,1.0,1.0,6.693527512015104
0.5120983325950363,-0.9299711339865371,-0.8372926042941391,1.0,0.13544700241177526,0.6170585041856222,0.42055231009648586
-0.6368665474133302,0.09392177076892316,-0.2920922372904251,0.7681825657792614,0.47331727181384886,-1.0,2.541610603816239
0.3412535099428555,0.7402564791976325,0.5579239062288497,-0.0200236156981021,-0.058094609896770066,0.1779319928867758,0.3585952996495043
-1.0,-0.2277646483438176,-1.0,-0.2645057660340362,-0.20745591532413743,-1.0,5.544813587172825
0.7919976085968222,-0.7544602198544021,-0.019017767752301268,0.6377748790859831,0.7400940166683618,-0.06980927458574693,-1.8287797559002912
-1.0,1.0,0.3200206155940629,0.6080774592817895,0.23331419589093827,0.44724334950965533,-1.773661008466879
-0.5710562744046308,1.0,0.5759837640827976,0.6184236542321463,-1.0,-0.05617917909675085,-1.7203263800660729
0.080045190859456,-0.27657517633327094,0.16205633894824484,1.0,0.029411929480446547,0.3567734246065169,-0.42673580448599124
-0.12358618211110906,-0.09570611480875724,-1.0,-1.0,0.8399685502073614,-0.08981249530515625,-0.8815766202380697
0.8671105449916233,-0.31975421155755684,0.5193356173478552,-0.47260874218813487,1.0,0.9200535583013014,-2.0717016020391545
1.0,1.0,1.0,1.0,-0.06395948312660182,0.47146822029732227,-3.006743738148821
-1.0,-1.0,-0.24096067691250816,-1.0,-1.0,-0.15614683298639925,2.248289783314505
0.35526674701910244,-0.472900425400644,0.16494467691101322,0.4044129929188016,-0.9877146483110155,-0.3282422361908548,2.2002491457471223
0.3659500813034232,-0.15375517247061848,0.07025484483638045,1.0,-1.0,-1.0,5.472037099917529
-0.9149327998691075,-0.9684337272344317,0.03736731622762346,-1.0,-0.49195229633362647,-0.34640165075555734,1.5601460543857135
0.3037223558104618,-0.8428401047057236,-1.0,0.39325562431514766,0.9285681848848557,0.07638527354927527,-2.057156697548064
0.021576009804529894,0.9392609559468779,1.0,1.0,1.0,0.8018412934678414,-6.539866609433324
0.9601027761308578,-0.04686282505616385,1.0,-0.8481524712183202,1.0,-0.36626531059882494,-3.5171321988359576
-1.0,-0.13322601508747467,-1.0,-0.7681169322925456,-0.002777311324010351,-1.0,5.9806856197259375
-1.0,-1.0,0.24817830996347168,-1.0,0.6067023083534979,0.47781611847676175,-1.5227607997823256
1.0,1.0,1.0,0.3616344686120744,1.0,0.02575702338364172,-4.968505707668123
-1.0,-0.3395846513157845,-0.022808289196557974,0.20109232661568122,0.4274326665551339,1.0,3.3176622375615628
0.13887243972682245,-1.0,-0.3611600482491125,0.47868185637806393,0.9300086175372015,0.332329396239635,-1.123586909398454
1.0,-0.1497716109361139,0.261185495542387,0.19464008753699813,-0.015235266004459014,-1.0,4.575629819891255
0.5463280902247118,0.023150327173055762,0.4358840715247405,1.0,-0.44249535280024177,-1.0,5.792586133971065
-0.09744933715150372,-1.0,-0.9488465146439218,-0.01705920321840293,-0.11261725992860483,0.6179302065823649,-0.766653865113391
-0.8357179298602373,-1.0,-1.0,-0.3967540560623406,-0.802893086765812,0.05323282218979819,-5.514426227269956
-0.8062074409880597,1.0,1.0,0.37067036177105317,-0.4692814636220338,-0.7108419716559183,-1.847402164431491
1.0,0.30948488816504827,1.0,1.0,0.8701194863696914,1.0,-5.337439693505619
-0.8460633477498478,-1.0,-1.0,-0.9737212502484281,-0.5170106796943184,0.5470274613449126,-4.0242854766851694
1.0,1.0,0.2701888675384385,0.1241933005879786,0.3541832000332956,-1.0,1.9607975615056332
1.0,1.0,-0.13439242889441966,-0.35391623598444827,0.3176849625252931,0.6077580171227193,0.6884091168881158
0.09735585211214631,-0.6731453200009947,-0.7205155808685666,0.17246719001018235,-0.6056970979940584,-0.6197108845859591,0.2933450353189154
-0.03831980305472116,-0.8887178590186451,-1.0,-1.0,0.17854416973813336,0.803463837008261,-1.9389498490473058
-0.13005864071955403,1.0,1.0,-0.12641807445101597,0.38798696242175945,-0.24223536695295728,-2.5250432746299425
0.4147585632300401,0.9276418044989585,0.47797270414953963,1.0,0.0963142274699009,0.574640355986411,-0.9027383937894077
0.18279362854984016,0.7362604505551538,1.0,0.032499324697907006,0.29784830496828507,-1.0,0.10076231208894978
-0.023293378064173753,0.510605898919263,1.0,0.07399463145186114,1.0,1.0,-1.0713706012080135
1.0,1.0,0.7434678782887628,1.0,0.6099955338724553,0.7471026071026761,-6.130111441869802
0.32535387787403885,-0.33685722363533094,0.9643780423429967,1.0,-0.2853441937421768,1.0,-1.683917069441831
-0.566194945757047,0.7963198975881002,1.0,-0.36093890089822595,0.8609656685776108,1.0,-0.08534116185507454
0.11723412615237194,0.7402863366012001,1.0,1.0,0.920618813565951,1.0,-4.463556925237671
1.0,0.8909372328125857,1.0,1.0,-1.0,-1.0,8.341551815306794
-1.0,-1.0,-1.0,-1.0,0.9445777138938862,1.0,-2.029661395701646
-0.3312027108122513,-1.0,-0.6968267598386331,-0.5365815572926331,0.8250446567554205,1.0,2.288558411283312
0.12604865938133814,-0.7023411527233394,0.08307570006060203,0.5487684599975451,1.0,1.0,2.9052147083820334
0.38826780041597875,-1.0,0.3310745558061277,-1.0,0.5431557670395643,0.8851498058757477,-1.3784512421142736
1.0,1.0,1.0,1.0,-0.03218478796753538,0.9981241598817532,-5.786665700422305
0.18938950949816058,1.0,1.0,1.0,0.09791011627852686,0.35676776557564754,-4.64688886417878
0.03497411656563609,0.0538732700453064,1.0,0.3267988979354144,-0.7159242341936347,-0.35616817616934915,0.2886525949136727
-1.0,-0.5521375964446087,-0.6630876427150371,0.417832980967463,-0.8565692123177384,1.0,2.0890518200030863
-1.0,-1.0,-0.5905089575602531,-0.1815733656589411,0.010400411130945808,-0.36986274126474283,-1.284435010557378
-1.0,-0.8993812285008451,0.16041385612820025,0.9117951487128728,-0.5124769334886548,-1.0,1.0676162530566329
1.0,1.0,1.0,0.08850134137988386,-0.5636194264514953,-0.0008760703082112409,0.10285503163548326
-0.35017250763690333,-1.0,-0.8726581281628116,-1.0,-1.0,-1.0,5.35157155710977
-0.36258530040744685,-1.0,-0.6805765655816705,-1.0,0.7324276843538555,0.8463975503724377,-1.8849585920681282
0.0759529695756459,-0.6226796855284313,-0.1515706030178252,-0.7372772294805297,-0.5901084479279589,-0.08517386079678713,0.3144291366424099
-0.5407171833323311,0.37370670784387605,-0.08830963354474597,-0.3633678554237616,0.8232059222397233,-1.0,3.0460490392531763
0.2137610628500154,-0.2529212954205703,-0.9395884650385157,0.20276124609825127,0.08016086930824345,0.13921559149513701,1.0710785470632453
1.0,1.0,0.9249365707871837,0.10699533066697309,1.0,-0.8580010822869825,-4.14498989574405
-1.0,-1.0,-1.0,-1.0,-0.2638024548392899,-1.0,3.287181842249
-0.9033695039077646,-0.9771138665002657,-0.07159300449566885,-1.0,-1.0,0.8220407920349042,1.1814901181441466
-0.2960885234607119,0.042660873434799906,1.0,-0.39925801648748926,-0.0656388526114714,1.0,-1.792535351310611
0.5957417565003958,-0.6062578433909187,-1.0,-0.37054893072319084,-1.0,-0.69665018479581,3.8843966774213943
-0.5603453702823178,-0.4681355548309303,-1.0,-1.0,1.0,-0.21435935113307114,-1.3524500415148877
0.6523609116078761,1.0,0.1856458170546169,0.5977602309375722,1.0,-0.8540534730855409,0.4239823991584373
0.8062069342272251,0.6329623615412822,0.5841712987962939,0.7427696892639295,0.5069692609429033,1.0,-0.663348352767046
-0.721010738584301,-0.9197750561230289,-0.6071442698743985,-0.4093222483987342,0.5346426286760741,-0.8533888009458738,2.9471734113761334
1.0,1.0,1.0,1.0,-0.04522918998011649,0.4149701686870009,-4.1076601040050775
1.0,0.9127410860893295,0.41425589641363797,-0.2018628495536362,-0.10895027234639065,-0.5166160609935979,0.7509385913954018
0.2119468131443446,-1.0,-1.0,-1.0,0.2148880543480861,-1.0,2.47266020296871
-1.0,-0.691358388035368,-1.0,-0.22000425907716792,-1.0,-0.049137683527612275,-3.903757895400343
-0.9468852517760331,-0.695164875795822,-0.5539713362797392,-0.01696329406513697,0.11025779051809823,0.5448881471694396,0.49754450306703574
-1.0,-0.5059935896279404,1.0,-0.04577765754336163,-0.9316391072180497,-0.5965555225640389,-1.5184789279327147
0.6973415676441657,0.362072091535876,0.3047643659906933,1.0,-0.8488646453608901,-1.0,7.5875408925181675
0.24768759171318006,-0.1512130511025943,0.5139264945609567,-0.5454011627951182,0.24233194625527887,1.0,1.1045490205704096
-1.0,-1.0,-0.18202481136395754,-0.8490208789563297,-0.05960058369182586,-0.32709973288252225,0.3992213603870931
0.12394403942107635,0.3134672970950487,0.8139512546865197,-0.3512341228034939,-1.0,-0.8047697908739457,0.6822289734626988
0.32532146072548496,0.5619067313409563,0.9413486521311965,0.5595157699911597,-0.478856704896215,-0.3459752901528337,-0.3366414176131428
0.7249592909722464,1.0,0.5997128635289121,-0.12496607598164197,-0.037963571735795516,-1.0,1.6411359624413542
0.90610925556429,0.32444072800506546,-0.10593888718452144,0.29617379690017587,0.6056106938199368,1.0,1.501760115282291
0.7524319626886475,-0.3328586742833503,-1.0,0.939353542043241,-0.5174237605757672,0.5446285135429388,1.5334222945377896
-1.0,-1.0,-0.2956898613357306,-0.2162929178766262,1.0,0.6536124578360987,2.6223071978644685
0.9232948105012697,0.3116109196482659,1.0,0.5481440697789781,0.0001590638029330682,0.48087915861046693,-0.36828565221820375
0.2391322797498917,-0.936246963207586,0.4538414895197043,-0.3580791987390698,-0.12908005785888976,-0.7760159736612469,4.113517199275243
0.2707943681255366,-0.5933169515005201,-0.32974529572930655,-0.0458290916586829,-0.9959323778428191,-0.5951914524830264,1.443471309938192
-0.43521161890557947,0.09161874157468997,0.23396744652672752,0.5102844484341316,-1.0,0.3630922529769416,-0.3342913199284838
0.6445886170348052,0.49715682842892384,0.1433289528617947,0.2142491648053777,-1.0,-1.0,4.302322262745457
0.057343571844905156,1.0,0.5191887112651107,0.3594258142674108,0.6382176660820852,1.0,2.2077824391282994
0.9159431425299142,0.0009659107812782786,-1.0,-0.429225433021507,-0.2464282244224456,-1.0,3.96553707467747
-0.2648783799153488,-0.956521427393501,-1.0,-1.0,-0.7790280478766981,-0.6564225131292899,0.9332878114374841
0.9815905527409294,0.8056085083225233,0.9003401573512475,1.0,-1.0,0.9332931847566364,2.673670450699368
0.28025243162261115,-0.16199168880752124,1.0,0.8602038812797853,0.46098970188626043,-0.5310470493545332,-0.044476176023758085
1.0,0.8836403686439849,1.0,0.5095932013576541,0.35685938994325295,-0.9053054229403913,-0.5275133212986233
-1.0,-1.0,-1.0,-1.0,-1.0,-0.24304309224234227,-0.9622324205293851
0.35906701913343675,0.14452399576060826,0.8408120813704326,1.0,-0.4080509462826145,-0.41952738752929664,2.143414653671091
-0.6388088149963627,-0.6178937774911557,-1.0,-1.0,-1.0,-1.0,3.9294895091439335
-0.21919617522106027,0.18245822096802466,0.7374204554419018,-0.4746843168016771,1.0,0.5521367157416213,0.4929154019808629
0.1914861185818657,0.5917889419146196,-0.2368925890967155,0.8265700973430135,-0.7966583000572668,-0.8690024668653265,2.553928637575544
-0.4530549566064115,-0.1926650789857648,-1.0,-1.0,0.9881489440825962,0.35017199911276853,0.5928199300367583
-0.9082365472479552,-0.8492971782097612,-0.6672892134237682,0.7515389940455033,0.04141208735591567,-0.8127372890860801,1.5232159151914346
-0.010753386109343233,-0.7427422001761952,-0.44592999491346663,-0.11485579327163953,0.5314530778736853,1.0,2.4998575935251663
1.0,0.25453787892435087,0.027989309859239198,0.3215567080652979,0.11486555477712967,0.04432549060815216,-0.5678915470840404
0.2826179481041742,0.6182084441287684,-0.31732696462812704,0.570445544612904,-0.5957728405559677,-1.0,3.4517376666442403
1.0,0.7624645553660484,-0.3334789076119472,0.1002134524423699,0.679175070500381,-0.9005379268015389,0.205749675403079
-1.0,-1.0,0.3281889388088045,-0.6731125272415368,0.6593743985709761,1.0,0.6958042924265926
0.15730990434709247,-0.016462057100950778,0.15721871958171674,1.0,0.8758719412053174,-0.3535467005036969,0.3897161863840269
-0.1390821078369384,1.0,-0.0750433928814691,-0.10512453561341048,-0.22793955321617165,-1.0,1.301091653303734
1.0,0.19976242831330204,-1.0,-0.16354019161763267,-0.977576657520161,0.24650281204774593,4.57639065451883
0.12273037527559652,-0.20176033182818462,0.03865741580701604,0.17320410377654794,0.35353399669176594,-0.07354715432100245,0.00869623703945796
-0.9851028488052784,-1.0,-1.0,-0.27419706561785495,1.0,0.4680831659333313,-4.211945177628236
-0.5894508129176624,0.3196527726481846,1.0,1.0,1.0,1.0,-0.7402609547911222
-1.0,-0.02765134407173017,0.07790662608037358,-1.0,-0.6030335069810998,-0.558075173828173,-0.69300545039735
-0.47160905625727445,-0.5139359990128947,-0.028279438976080762,-0.6067459572180527,-1.0,-1.0,1.1791336841028905
-1.0,-0.18770474685166227,-0.5366291095278887,-0.5737826598330793,-0.9735134092753278,1.0,0.9075388042455229
0.40189159759395354,-0.058627368565288274,-0.5256841239738401,1.0,-0.6428938277447993,-1.0,2.7446820896172923
0.28418481953257624,0.1457790676257826,0.7514174386072785,0.3548059006955724,0.8120831992107308,0.39888970356895315,-1.6920420664991846
0.042250031329535975,1.0,1.0,0.4089137842737467,-0.2887599816577845,1.0,-4.195711360191538
0.06258737950102558,0.2876097205981574,-0.47571001850935324,0.011437231047045901,-0.5176243493109904,-0.2773962027457968,0.6020540829026528
-0.5642600681173239,0.0008587891712912299,0.5657029335220777,-0.6027272160258819,1.0,0.4005046504469647,1.0918575779233775
0.5844837114269636,0.9311167476221365,1.0,0.18516736305075332,0.1844171525891397,-0.23491555365120087,-2.648682296475089
-0.2037532872005306,1.0,0.5342295902743782,0.19654482675691454,0.6963928102628616,-0.29110589597027314,-0.9555425401977005
1.0,0.08761687494898424,1.0,0.5419501388689016,-0.29928885166178887,-1.0,4.725658346004764
1.0,-0.3354500132735069,0.9328155598612725,0.8088730106948137,1.0,0.04614316945287944,-3.6766115553020673
0.0651605974381108,0.8230377204224417,1.0,1.0,1.0,1.0,-4.833398205907689
0.5288853515751466,0.2656380787528485,0.6578678514466985,1.0,0.5317494548188963,0.9343577485959693,0.0045848344523654605
-1.0,-1.0,-0.9271838279629532,-0.36138143375765686,-0.31450629327821755,0.8858224172085756,-1.8580243495081163
0.5070278778418058,1.0,-0.9043219811023855,0.5684300867301689,0.1383270797094287,-0.10339513034541215,1.152519102538321
0.03556525300877855,-0.5513336176174775,-0.7983868673816614,-1.0,-1.0,-0.4913359947014331,2.773524738574483
0.8589092969304277,1.0,0.660891651644621,1.0,0.7356255443965876,1.0,-4.0669701242416485
0.4902988035717377,0.36968937278140734,1.0,0.28408122554155457,0.7822286195041943,1.0,-2.418984676635757
-0.14706309699047337,1.0,-0.12896657748100882,0.30576750831939414,1.0,-0.4134570359588048,1.4663140325783257
-0.46968123874665024,-1.0,-0.11223550875276744,-0.17076424364573473,1.0,-0.35525396306019824,1.7396343629939865
0.0916004918534884,0.5255272151551198,0.1415621968913474,1.0,-0.22197301550737514,-0.0826249784979014,-0.1370669886728586
0.10989500097441995,1.0,0.11051337198618255,0.4815389481728679,0.2772459810057466,-0.48371901443720033,0.37320977867349286
-0.9176814360657293,-1.0,-0.065253812427712,-0.48764753965251106,-0.3747250253693466,-1.0,3.0909626489756232
0.1625163940905996,0.9686441874027807,0.44288700758643507,0.9795869083718793,0.258364087839949,0.1945106811004037,-2.4034098041271394
1.0,0.35923067540989073,1.0,1.0,1.0,0.23576141659054206,-5.23173837033289
-0.663084519057052,0.48480195835823947,0.1327593985947635,1.0,0.22367410396197945,-0.7000030877032383,2.1038790683888346
0.9073208533613163,1.0,0.23688815658679002,0.26490398112579155,0.8168325142816215,-0.3113385486759568,-2.792332342035654
-0.2451761868384002,-1.0,-1.0,0.29468603398279414,0.6458515732326474,0.3241015196645507,-1.0619608105463114
-1.0,-1.0,-0.218118133913018,-0.7557039861870883,-0.7688425900911311,-1.0,2.939846914402799
-0.6128549861037438,0.4139293781181618,0.7084041303923032,1.0,-0.4972320410263169,-0.617968143453856,0.47741982589011855
-0.31638618565339427,-1.0,-0.13205562778212698,-0.8258576379701787,0.23760750796838137,0.1650211906081649,-0.8621065193495296
1.0,0.3941245293274096,0.3529809718055097,1.0,-1.0,-1.0,10.362133000441974
-1.0,-1.0,-1.0,-0.03895195625244044,-0.11703026234452119,-1.0,3.067943124060722
-0.9091041286622654,0.2850742985301031,-0.09155077922799082,-0.6259099755163752,1.0,0.38490575906549407,3.618613972831204
-0.055329876016884716,-0.8599032858166578,-0.08367452812057352,1.0,-0.6702313010952641,-0.48512886136738453,1.5311927422446698
-1.0,1.0,0.28171820098871786,-1.0,-0.8604632021927388,-1.0,-3.146547130919238
-0.28296861459349276,-1.0,-1.0,-1.0,-1.0,-1.0,5.72269101167344
-0.5569614340175865,1.0,0.9250840509066381,-1.0,1.0,-0.10122563220095637,-1.5986642832214624
-0.7711257789001535,1.0,-1.0,1.0,0.2128374756718645,0.3564511074887846,1.3032093233969821
1.0,0.6896026429638099,0.565793766255567,-0.5531180752109933,1.0,0.7504830249594905,-1.557457942135379
1.0,1.0,0.9006162281852279,0.2354419267770218,0.05551471457377172,0.8613148707083534,-3.3649382441219458
-1.0,-0.4321052341883136,0.3262481267797456,-0.7786895973001022,-1.0,1.0,-1.4535383102484438
-1.0,-0.5870996134542481,-0.07823614692976161,-0.096959344118982,-0.34873065107817225,0.11511376978828203,-1.6565922676735023
-0.42375529919810406,0.894022836551946,0.2011462913091948,-0.8039893613210302,-1.0,-0.839186697717403,-1.6756497356857039
-0.635562593744439,-0.30434930993073056,-0.7432845557966159,-1.0,0.10786366532137401,-0.25117626631721657,0.8158531540926721
0.16763503585371797,-0.3388928299992941,-0.14106381373059923,0.9475857582158133,-0.593588515925165,-0.3377790001752017,1.371008956420896
0.05697401842737981,0.36252914548204507,-1.0,-0.01584760017088732,-1.0,-1.0,0.1901924128722714
0.2967379236437476,-1.0,1.0,0.7411395540962133,-0.09036403605574317,-0.24472724862890277,3.311250778460513
0.5479779491419816,-1.0,0.5080096001783734,0.9887829472727956,1.0,0.5191833655839896,-0.6142620321408141
-0.9895866463117492,0.08388520138399236,-0.3734740900553455,-0.4479723829910036,-0.12884322317343466,-0.4793828797331925,0.24174237675666846
-0.9282674312511761,0.7280655191102906,-1.0,-0.10919823330684242,0.07536728329188491,0.6656107707533087,5.794463267167539
-0.27387453816198293,-0.7025356497410968,-0.43819072895484057,-1.0,-0.5097839920478676,-1.0,3.61250206582272
-0.6375702229142983,-0.8141464547402917,0.5561281841065507,0.6258185318165388,-0.7711901483136228,-1.0,2.132019849713074
1.0,1.0,1.0,1.0,0.9716112945703093,-0.21251647701987877,-6.173692536898086
0.43953542217999286,0.43744530461773423,1.0,-0.3793411341473567,-0.16377667476266133,1.0,-1.1157857335967911
-1.0,-0.11492970890647025,-0.2602347785034528,-0.9605427676737002,-0.9447595150749539,-0.5762238467088552,-0.6389992931697157
0.5377271942740054,-0.9194758979680844,-0.1348181995246611,-0.7857838401605214,-0.22361160896863203,1.0,1.9388934553101984
-1.0,-1.0,-0.5188906834983771,-1.0,-0.9059934196854689,-0.7327658367218322,2.131483997867046
-0.11518692290219895,-0.3844299078127362,-0.8547072467615553,-1.0,-1.0,0.8615084307272156,5.7989174714617695
0.3133609965359615,0.25976996720472695,-0.20332613420578594,-1.0,1.0,0.9346452764065403,5.226757155255833
-0.114264839402454,1.0,-1.0,-0.11772656830474515,-0.6846415248446778,0.5529518831945639,4.741834261291138
-0.16142789178089023,-0.5297875816895821,0.2359838839100259,-1.0,1.0,0.9325162768892328,1.6755924965337305
1.0,0.20594505941612895,1.0,0.6781065581997077,1.0,-0.7440213450983413,-2.5224030456356044
-0.13685886977997286,-0.8819371546977772,-1.0,-0.8416845097672305,-1.0,0.5223788585701246,0.8400009539144837
-0.24754735810982545,-0.468928586408665,0.6359811669660126,-0.4711519470796766,1.0,-0.15311282054276476,0.8729510541976078
-1.0,-0.997542435111791,-0.19679072875042847,-1.0,-0.6946326829621164,-0.08682195039645269,-0.011288408746252745
-0.4895381958067369,0.7532971396680936,0.9147927070513684,-0.6802896590217618,-0.25947625036649025,0.123118819086805,-2.2841968058362943
0.877676475151434,1.0,0.24935116430957843,-0.687296698317376,0.16093684751838444,0.2178880444576945,-0.08145719575873653
0.47000886796475877,0.7124725832968396,0.7424450933626132,-0.30339379934818766,0.2203273904102816,-0.5188614232283831,0.09832958629824157
-0.5657687108567193,-0.7701911844238295,-0.34566444628162785,-1.0,0.4669775396465699,-0.7802105713295832,2.5977812241962535
0.9559172975700051,-0.22124468520002197,0.5106695619623818,1.0,1.0,0.10365104139815062,-2.678463691205041
-0.7904425157416664,-1.0,-0.7340819810922927,-1.0,0.7065301007978428,0.2903943545614598,-3.0312262608433302
-0.5016047026299022,-1.0,-0.6384885873562651,-0.4527468815487219,0.43270141495408154,1.0,1.0114132601602155
-0.9243613592503376,-1.0,-0.41896605039683044,0.5387059802000402,1.0,0.3099082647858394,0.8844817475159485
-0.9115130351462981,-0.11117434967432638,1.0,0.6564099041086116,0.15157854312425623,-0.17482165822167575,-0.6362045993924944
-0.09976540475924045,-1.0,-1.0,-1.0,1.0,0.638773831970419,-4.69174075662083
-0.1803295417136218,0.006289034419578371,-1.0,-1.0,-0.8834273117938349,-0.08490609897949919,-0.7581109106646553
0.9892128354962315,0.007099507695291329,0.37234200526796035,0.1750080171460715,0.7515713760170911,-0.5098904734401193,-1.0045768389257268
-0.16535333023160748,-0.6136839712148009,-0.7683570416632899,-0.3868722042957724,-0.15909549726246036,-0.07049947800708467,-0.6131927147822553
1.0,-0.13268457399227024,-1.0,0.7345379721090595,-0.6901178551287439,-0.9181042162463164,4.45405568676673
0.5241544450511472,-0.18900731913464808,-1.0,0.4199223089649313,-1.0,-0.7153902352034449,2.0275571239587173
-0.3093860127712884,-0.9368273174353176,-1.0,-1.0,-1.0,-1.0,5.390076318589623
1.0,-1.0,-0.0365436498601428,1.0,1.0,1.0,0.11967923711796336
-0.05942593539771712,0.6433044757099382,1.0,0.2419515717795142,0.05945121073342119,-0.2417276851976451,-1.3929078565297355
0.3623118876135416,0.5762770204958092,1.0,0.23380597422855876,-0.03260893986673358,-0.18996014732304078,-0.2727367465312682
0.693499333425344,-0.16252711688080335,0.5250410724609325,1.0,-1.0,-1.0,6.724200221030521
1.0,1.0,-0.576931496264914,0.7768755693052033,-0.4914632581719501,0.5365675460871526,5.144145002048523
-0.20829835219630788,0.6838274834582976,0.8456691184794192,1.0,-0.34000803126615253,-1.0,1.2999132403771023
0.906115560388426,-1.0,-0.6599317631081738,0.04586376802083103,-0.6725894842000939,-0.44242737980285507,1.4239029544959743
-1.0,-1.0,0.14769654145253275,1.0,0.4440803506215938,-0.6645455067049814,0.7741344241956083
0.7909288870214517,0.761928807661078,0.808956858404043,0.7290782863212498,0.4526598337543511,-0.698453658160042,-0.3460828786006767
1.0,0.5888724541594337,1.0,1.0,1.0,1.0,-7.710976779916156
-1.0,-0.32733042885627217,0.15027195278638567,-0.6636476525269377,-1.0,1.0,-1.8459681790562903
-1.0,-1.0,-0.3896119838865042,-1.0,-1.0,-0.7241384282185811,4.007828470224282
0.025099147032740854,0.7277362479391318,1.0,0.3600150883942057,0.3816322139048025,0.8561460480954055,-1.7169989144597082
0.915180545527057,0.006980320230187381,0.9009880780978012,0.10362962987608892,-0.08919239352676522,-0.021504716713228234,0.8792653940592126
0.10604741157271558,-1.0,-1.0,-1.0,-0.6485383256259947,1.0,4.681207840394594
-0.8054658648670578,-1.0,0.03315407422693839,-1.0,1.0,0.3003727246108958,1.36597037263024
-0.654388392206048,-1.0,-0.7087495685496508,-1.0,-0.20227124166710264,1.0,-1.4972737167711487
-0.5764879685860885,-1.0,0.5413905766811913,-0.5818560357677599,-1.0,-0.993491453531788,4.824389602789464
0.12024122063967599,0.18987128040856904,-0.6956800397356291,0.8666358791562953,-0.9188079933477868,-0.16088676452356987,-0.3191016855424562
-0.672525643596676,0.21530480782441286,0.6885625945725444,-0.6201535729220926,-0.07484348137363922,0.9874383256230758,-1.28165355865525
0.28553809449461154,1.0,1.0,0.7793001412050478,1.0,-0.3512434358815186,-4.501118370741339
-1.0,-0.9568559418939542,1.0,0.21507757513678133,-0.5532207374950562,-1.0,4.461950008421896
-0.6962553163559796,-0.09048820825534931,-0.3487836839449757,0.1914682183209615,0.46043544932541747,0.39900391434477334,1.168968466976645
1.0,-0.10467962909062056,0.2600292171183891,1.0,-1.0,-1.0,8.588594510656929
-1.0,-0.9964257842398054,-0.06836238923414273,-1.0,-0.25130158785597656,-0.6638448295294117,1.8020539181713353
0.8786665030624494,0.6199600544692317,0.5192696064228182,1.0,-1.0,-0.33461943319778353,4.27775538340744
-0.4347288733426813,-0.3650754102496856,-0.8978146058494856,-0.6353847654112428,-0.0308555568647777,-1.0,3.6322901143561963
-0.8338474483488536,-1.0,-1.0,-0.3025881013029581,-1.0,-0.4282459592828014,-2.761519139781396
0.7054085334619185,0.6611420236184338,0.6252616279162002,0.47599159568881666,1.0,0.9719535806189221,0.06345317430398612
0.9271746398015956,0.988145335687103,1.0,0.5712438671738695,0.47031574761416023,0.363368572381424,-6.174792578842705
0.0982667849726504,0.45804107361119134,-0.31020645003883124,-0.1856428775956832,0.17398755990210502,0.12899274113889603,0.3069329769122993
-0.7148808441591139,-0.2739774638458434,-1.0,0.1612351535782866,-0.16554785462347166,-0.42907635986307857,-0.5156977135718696
-0.17623455599417714,-1.0,-1.0,-0.9037071577448823,-0.8738336438131286,0.12722640841604396,0.3364795609603388
-0.7473021505805031,-0.20511260241009216,0.49948542802411056,0.2931160826998167,-1.0,-0.5014508861341369,-1.6353990537637957
-1.0,-0.2657793148218912,-1.0,0.3792282795344389,0.012500824818908851,-0.7182410482813149,1.985660134422012
-1.0,-1.0,-0.420448855966542,-1.0,0.2035044569062846,-0.9503209572074878,2.839564147938278
-1.0,0.33795693332448756,-1.0,-0.7956074761046639,-0.9171722606047767,-0.7948799851845418,-0.33761846550364444
-0.5902097506360604,-0.2663046124936239,0.6424831187828555,-0.8861149886670073,-1.0,-0.37855747691256736,0.8677493996595453
-0.2475322848960968,-0.7935526832790445,-1.0,-0.155050366988579,-1.0,-0.8093340452966764,-0.28706861770519454
-0.4274391356119317,-0.3328655998896503,1.0,-0.4569240968343482,0.5400444870644825,0.07291605681722246,-0.41558504797592954
-1.0,-0.2757198188574522,-0.9025504540739817,-0.7373877808619578,-0.9197303494209687,-0.24746899572884073,-2.5063093095306197
-0.5281126020022888,-0.9956492977970173,-1.0,-0.5837027198324041,1.0,0.08581589808862111,-4.713283742208163
0.3361677240731785,0.9230305138502664,-0.4006109495839043,-0.005280049565289491,-1.0,-0.7881359420565045,2.3421420340144725
-0.24616665321916553,-0.6800155502973798,-0.854971896776863,-0.08209451620912772,-0.513918646834316,-0.9563698310430773,2.199663080185613
-0.5889823017901887,0.6917624364723091,-0.09842778760974169,0.5495011536917784,0.7656514011451097,1.0,4.105563613649775
-0.7464343274832181,0.12253154650357931,0.06095615749048955,-0.17020937661429247,-1.0,-0.6416079004841596,-1.1599011292135404
1.0,1.0,1.0,-0.3714826139395337,-0.500180011423006,-0.8900981041985374,1.4927700963488753
0.2012578961386351,0.9832050054901398,0.9027395418564872,-1.0,0.38143630269167894,-0.47096532985804596,-3.8360830275096633
-0.5379810310341889,0.059683591099570166,0.3283800645141244,0.17022979660816318,1.0,-0.2497731571872284,2.056856007145065
0.07131785631320231,1.0,1.0,1.0,-0.7760492834387813,0.6467483328251225,-2.688932645958168
1.0,1.0,-0.011343689939564694,-0.03776454307501184,-1.0,-1.0,5.819475979811196
0.08562702671677325,-0.18709803420111748,-0.16597032005030599,-1.0,0.25104974356742993,-0.7830272392016032,1.8665119290977477
-0.4011735470926643,-1.0,-0.8377126050145696,0.6267113736705424,-0.07553209961938623,-0.44406099097979723,-2.958482233401744
-0.9582717745307628,-1.0,0.530597347249689,0.5772138509227286,-1.0,1.0,-0.4755387715216177
0.9127500047463128,-0.20115012180118846,-0.28425877593007537,0.742005403083824,0.8290070235940624,0.5887608646795304,-0.48670151014697494
0.9627605356042882,0.7988249738687181,1.0,0.17910519177805245,0.7590384726568667,-1.0,-2.167698187129055
0.1263917467165191,0.6475165058902979,-0.46381622381318854,0.2225538065410002,-0.6942536262424328,-1.0,1.9044388896335211
-0.1463407716149005,-1.0,0.5522702546599387,-1.0,0.4000987080722998,-0.632461429460716,3.6695964029820827
0.561680817573446,0.4804884968999376,-0.1538943265835755,-0.5639162320251925,0.7648402099694771,-0.11559632945396016,-0.07185450102727298
-1.0,-1.0,-0.11195035614327353,-0.2694615472795001,-0.2554949909279056,-0.1285194032922068,-0.968823194832211
0.28202613448583536,-0.8997434638565638,0.1479869654374901,0.062201193264161236,-0.18685142499835894,-0.5477429513795186,2.2226284858172645
0.2310476039305679,0.5912065776035631,0.7608858948346136,1.0,0.17107388489014574,0.7438653287139831,-2.1295525292182846
-0.6806072691444376,0.07767266243688387,0.655333792217385,-0.18940777675656428,-0.12487225394226686,0.6782272683230549,-1.2990163470027238
-1.0,-0.5342159036087928,-1.0,-1.0,-1.0,-0.18238219842869738,-1.4607615889168373
0.00220385022328462,-0.31487941986940127,1.0,0.24741045228351777,-0.7925728693077887,1.0,-1.3436394338051951
1.0,0.7872295216991234,1.0,1.0,1.0,-0.1619280148338976,-6.458548715856495
0.5029762688077322,0.09437604371969333,0.8901495294479875,0.44183543700779226,-0.563875494220907,-0.9758338836241844,3.516648261259992
-0.3667201807176953,-1.0,-0.07567397123654174,-0.9593383620193363,-0.9010469147471291,-0.9044796770488717,6.428059107867676
0.21410845752360763,1.0,1.0,0.24101052029819336,0.8962658832681165,-0.8511317903542243,-2.2286017991757467
-0.13968790107901286,-0.24621554445220617,-0.7854464915163923,-0.40185920830132593,-0.3019820410826324,-1.0,2.848104128575039
0.22268011016084344,0.17737822166318956,0.1797467648519372,0.7566937520582804,1.0,1.0,2.9656557406208117
0.819965691493735,1.0,-0.6903261445941449,1.0,-0.4960846583357321,-1.0,8.551247428446889
0.3275096562438814,-1.0,-1.0,-0.419573685889285,-1.0,0.18045869862666852,0.44000031355526714
0.8094504675720468,0.3462224369679334,0.6389540876736484,0.301210845436691,-0.15908881474344327,1.0,0.42661713401381884
1.0,1.0,0.37387249552647694,1.0,0.49947162643167975,-0.3438554651087,-1.0869562755951097
-1.0,-1.0,-0.9103354162228918,-0.057645210560411275,0.6038109436910344,-1.0,4.136227885206892
-0.6318399900103921,0.37304716263443516,0.8111731918369387,0.03242844191924582,-1.0,-1.0,-1.714875164533745
0.14506049550850686,-0.42933060935422995,-0.4195097417644085,-0.06326486959139999,-0.21317397530705057,1.0,3.6024462006159195
-0.49919848024223934,-0.3934677275069283,-0.2648874118051947,-1.0,-1.0,-0.3247138766831837,1.6084185697805613
-0.6935003249551682,0.7734387703281257,0.25926477461163644,1.0,0.9218775763407228,-0.11409550484327269,2.164367436901279
0.808551750114381,0.8321531414777656,-0.4717659410780874,0.5556607673794856,-0.22003199959722042,-1.0,4.194609554593847
-0.6552322873193279,-1.0,1.0,0.043231270881266104,-1.0,0.12250453295481536,0.12413163745932988
0.3568935717152917,-1.0,-0.5056080672631875,-0.15264764381666984,-0.31752622288140286,-0.7059304381324227,0.6797193641416551
0.012377114250755383,0.20318346404541632,-0.5429245246347558,1.0,0.16597742675258148,0.22880874141087262,-0.5617748496634853
1.0,-0.014894599928511859,-1.0,0.35170321081147793,-1.0,-0.8933144221090035,5.677263885275316
-0.7598169662989331,-1.0,0.08707025525593415,0.02004579589536909,1.0,0.4754538923007041,2.2381973152197205
-1.0,0.3532371355530976,-0.002925367035402582,0.5945616653255884,0.42450809157050107,1.0,2.7576183410336745
0.5177307092841565,0.7217527797464964,1.0,1.0,0.7667404359986303,1.0,-4.904857634570684
-1.0,-0.7490809980899857,-1.0,-0.05815257200281332,0.6709842338123018,0.9733577799741289,5.3637272334513595
1.0,-0.11280471067401454,0.38712746774854023,0.5094970899195852,0.6221682633252267,-0.7137593022064745,0.8284148890235169
-0.3425409088180576,1.0,1.0,1.0,0.5166756289151488,0.9955919624074021,-5.909012401129054
1.0,0.44263755396633464,0.43012893137465613,0.11325003291394231,-0.6801852694491171,-1.0,6.546893841774891
0.3954204096993894,-0.7082542767000608,-0.10301105986319836,0.9765485350296907,-0.1780858891739916,1.0,5.252867633334726
-0.7133088274718407,-1.0,-0.911006110524493,-0.7543593222679085,0.4667025116010974,0.6095447379955418,-3.341318373631929
-1.0,-0.9663869518552124,-1.0,-1.0,0.217568340012801,-1.0,3.487689704618071
0.11259868854353426,-0.444668313107328,-0.924525763359055,-0.5700451218708456,-1.0,-0.33928765196601307,-0.27217278945378187
-0.4812697466704986,-0.5804661105971424,-0.3851968637291211,0.8249025022447773,0.9334353150112558,0.575045746303918,1.4231974602586832
0.15759021908222567,0.7368023440618245,-1.0,0.20438930882288298,-0.2907280815796422,-0.32247583549772607,0.9057013840895538
-0.8293354365071645,0.6631972936755435,-0.6431982786268926,-0.6115711558197815,0.04222372743879221,0.2149773811128084,1.7095346086984007
-0.33343222082970536,-1.0,-0.7275533980820451,-1.0,1.0,0.5635368419343654,-1.7226261684668087
-0.5434119195350484,-0.11355596929151329,-1.0,0.20327338706798828,0.5609939785254032,1.0,8.2041707553417
-0.36926491719458654,-0.8379365486361541,-0.584691016281981,-1.0,0.9124172795919855,1.0,1.4202629214694587
-0.49177867898522654,-0.875681868645934,-1.0,-0.521666197306857,-0.6229102285913053,-0.8677064927378859,1.7655622354567404
0.32693402783098746,0.9295291634679006,0.32256081296183947,-0.5888940029996556,-0.8085098874370744,-1.0,2.284914799747791
-0.2530547797223768,-0.634133893274486,-1.0,-0.7788340637028135,-0.8590743066091797,-0.15724929641417362,-0.847167934697632
0.46538216462816767,0.2524960359715741,-0.2211725703593358,0.7436638901908111,-0.11877198154204605,-1.0,3.509116793118001
-0.49235101187815355,-1.0,-1.0,-1.0,-0.20072001193952574,0.3779257918064493,-3.86580684371736
1.0,-0.018251001106725395,1.0,0.4938983419388068,-0.7131556535479601,-0.24125298009935314,4.112221776650799
0.04421133313328829,0.5359918621537525,0.20141508529836893,0.25797676555374993,-0.6341430124756553,-1.0,2.64036025534873
1.0,0.5507776781010167,0.005234400792747729,0.7971882467245837,-0.643712459425609,0.9198955147312691,4.167567124918468
1.0,-0.5322819481409042,1.0,1.0,-0.7751871760454623,-0.07032186614725211,4.375385215026088
-0.9305526410810531,-0.3568050578573013,-0.617528735450617,-1.0,-0.34999142012201256,0.5152528303558295,-1.010616558247883
1.0,0.14086959986465875,1.0,0.5628813715943495,0.47277211393289537,-0.9705714953463194,0.4259289021526907
-0.45031512684608455,-0.6889350809592527,-1.0,-1.0,0.06074141808891831,0.2728094216200809,-2.563998457174437
1.0,0.6344928562492688,1.0,-0.018885493457934444,0.8565236707763572,-0.1720800673461358,-3.235576308854846
1.0,0.9895096935932228,0.3432482484703965,-0.4236081047585233,1.0,-0.43524022350086167,-2.2246085884358333
-0.745360404363573,-1.0,-0.4885321987300484,-0.47638864818939397,-0.8855466634022109,0.5313961005419765,-1.492413081386275
0.5387406398194825,1.0,-0.3959791183761924,0.7130816202120809,1.0,1.0,5.0491504049955935
1.0,0.9924439027966618,1.0,1.0,-0.40482492280973004,-1.0,5.130712065848553
0.13441487067763558,0.4375340239267526,-0.14679133353877638,-0.46414298828193146,-0.7186378759818629,0.6153026070239453,2.141359814926802
1.0,1.0,1.0,1.0,0.9982504283303589,1.0,-9.938843491305404
0.7525651263489748,-0.47504085558000236,1.0,1.0,-1.0,-1.0,5.543918826513896
0.5661157140069981,0.5186134168223444,-0.8271928916931243,0.2540396925920252,0.05872380414317311,-0.21751388674216754,-0.3281479419827105
0.06624992947287481,-0.5457242403681586,-1.0,-0.25223701870386417,-0.647102153149478,-0.36900238851709477,-0.07956955595330023
1.0,0.5398109551903834,0.5260251084000191,1.0,-0.8326400408009607,-0.9785097127119196,9.126824482986752
0.02354212567824754,0.536142638977577,0.9097498496627001,0.3885411436387818,0.15584728507179474,1.0,-0.43954457709032435
0.41946530553569467,-0.052595332278578155,0.09916879561916922,1.0,0.2739266470748809,0.8695708809874844,0.5112950700015666
0.32777421961655,0.7993752140554528,1.0,1.0,-1.0,-0.7237994721582874,2.8010648218239482
-0.49544322628309045,-0.18074226945117744,0.6914088720406293,0.38536338204670123,1.0,-0.34656125545325267,1.3804272831517652
-1.0,-0.7453479919574456,-0.34048443519315286,-0.004204982549348979,-1.0,-0.9547586206452243,0.35937167819536364
0.5034662658168827,-1.0,-0.538689181339786,0.20765172262782144,-1.0,0.6820203154534409,2.1431007484424422
-1.0,-1.0,-0.018059370940359157,-0.5652695163044423,-0.48276792522664225,0.015265101490596455,-1.4205261139453165
-0.07716089700007123,-0.8630080459716012,-0.3547345474516981,-1.0,-0.24019214266214295,0.497409923413039,-1.550330927616104
-0.2675452467832308,-0.33720201462812077,0.5261706933236665,0.13055722820233584,-0.4008538221519877,-0.344497561673665,1.3656711403443476
-0.3861819892867791,0.8133566341218734,1.0,1.0,-1.0,-1.0,1.4419224702320408
0.28572850244405146,-0.0937492176720086,0.904341325816377,-0.01686995978135275,-0.1628839888571279,-0.2648129083634902,0.47560388445225177
-0.4452421603011629,0.22491873018586972,1.0,1.0,-1.0,-0.4744232793673818,-1.813242226011333
-1.0,-1.0,-0.8664569580982561,-0.4909976191346419,0.05239305433179098,-0.4728846998385583,-1.228117020184066
0.7021833722943144,0.5567661884218129,0.7686846796598291,0.3532141158458547,1.0,-1.0,-0.7137157583563092
0.7054460485038784,0.3695993304763932,0.7432124399508167,0.8490069533164989,-0.18762063749678237,0.3006938619305284,-0.33118651419486916
-0.16835925700082477,-1.0,-1.0,-0.00032691420996910914,-0.36117930292069045,-0.5468370600943071,-1.0148223913939418
-0.271380852214264,-0.6672372744172894,-1.0,-0.06485169178900985,-0.30520335442855145,1.0,6.3439672815465595
-0.8209306967269993,-1.0,-1.0,-0.1314211996198709,0.09521395641346164,-0.6026318042495669,-1.604638708436955
0.45979618361466507,-0.38418069386372067,-1.0,0.8072000039225323,-0.6983667822065955,0.011700013735278292,-0.11790181782631548
1.0,0.7036818482619068,0.006118030665577395,0.10096995127573324,-0.22281523456037622,0.2892528794269931,0.7736165295704359
0.9098434791673256,0.5078992359172652,-0.28612844858203385,1.0,-0.0623276179794502,-0.48177393294241844,1.0695922764149397
0.48402848119112196,0.3472211396397348,-0.20031932299054286,0.22974584036971257,-0.2990037324681734,0.5510424600613842,0.9110686950281272
-1.0,-1.0,-0.20860911907086122,-1.0,-1.0,-1.0,6.641179617978112
0.04349929279758466,-1.0,0.6051202036600588,0.8941176622709713,0.16278080051315644,0.7455818643425811,1.3427164695997207
0.10412505804432981,0.22243753819073336,-0.034245001552155915,-0.09421660311651481,-0.6636847157772177,-1.0,2.428765006228433
0.2935407754936993,-0.8011838383258699,-0.7059546300824323,0.6793321130150993,0.37440803681082446,0.539569208264184,-0.07245283520156988
0.21211583764246147,1.0,0.12606467999253898,0.8358769396034847,0.11240585753473625,0.5127996792799416,0.2021405779171292
1.0,0.022694892579794068,-0.040109493176456956,0.4089405558392243,1.0,-0.05757937456870488,-2.361979798900321
-0.49976641113086795,-0.5538863422912168,-0.1436834949236223,-1.0,1.0,0.7537630746819539,4.091307167980867
1.0,1.0,0.748640914133782,1.0,0.793736650367844,-0.6498360845821956,-2.4445397288147004
0.8014536982782616,-1.0,1.0,0.1764759675940648,-0.6017889545908982,0.24380190178160333,4.891447002504098
0.08177251869654578,-1.0,-0.167213363748981,-0.14138449940695352,-1.0,-1.0,3.674836652854064
-0.8628531112564719,-1.0,-1.0,-1.0,0.9402115204387094,1.0,-0.4481684650767964
0.3174953129870531,-0.11953334899734425,0.3034058804638281,0.20559292631867487,-0.0019417449982286339,-0.98317636816296,3.5655322219491237
-0.8183629277748332,-1.0,-0.6841217730112776,-1.0,0.9194839580736817,-0.04379906581104687,-2.9960578456033
0.020086271257068362,1.0,0.30538024837284705,1.0,0.5331863476661913,0.7651034868453938,-0.799536399619195
0.7599783435640591,-0.6217756324205914,-0.638869230420487,1.0,-0.7288715184225112,-1.0,5.809453258330269
-0.6716421909207559,0.676008639987702,0.07270112612384144,0.11324810667661978,-1.0,-1.0,-1.573765741295925
-0.0426722486542267,-0.9667859225582933,0.6460447187035465,-0.1533793734508263,-0.13133213366802243,0.9591473544216746,1.0970522212023668
0.013321534132860968,-0.20177900711234975,1.0,0.3989785434294072,1.0,-0.668472028285904,-0.6273169702959673
-0.9241250714962996,0.5354542443067719,-0.2922000014665233,0.035231501392757845,-1.0,0.8739921398114749,-0.43025709303431353
1.0,0.36385225381913266,1.0,1.0,-0.22842525792990187,1.0,-1.5079965505131103
-0.8992798014291722,-0.883738938099567,-1.0,-1.0,0.1838186008256233,0.760963610627122,-4.12436232776902
1.0,0.4058551262013911,0.5348205963425242,-0.4823040339700038,-1.0,-0.5436098883320217,3.988136847486037
0.47482071939035797,-1.0,-1.0,-0.9918991538723134,0.9600836896745412,0.22783400223776185,-5.550258938904019
0.49870678199336504,0.14011915072337566,0.9687141328033015,1.0,-0.5386037027176234,-0.8579808652295298,1.7413424614360435
-0.08710469217867467,1.0,0.6777711910663062,1.0,-0.4833716643210668,0.16035683114159627,-2.4927269094001785
-0.2743121485692137,-0.21342524172648325,-1.0,-0.3472701709568502,0.5953170247048116,-0.6630726894729476,0.7229493165506019
-0.2399800508923139,0.05450218981919763,0.8682614247327988,1.0,-0.14152731239890426,0.06512808063918718,-0.9089894324163772
-1.0,1.0,-0.9990645331117068,1.0,0.3223946747127012,-1.0,6.777414610251605
0.2006706468029828,-0.21630084006703565,0.41969956463579616,0.341656266211175,1.0,0.887897130348217,0.7217146295017991
-0.5109720774989759,-1.0,0.0964914929644319,-0.9664656392772633,-0.31769039830096435,-0.35102187055967465,1.6733165346935457
0.011412982256312487,1.0,1.0,0.4697801774791057,-0.033359977704048305,-1.0,0.011681535127011644
-0.6823465721982475,0.8557340131490304,-0.8610225070741926,0.42261741099228306,-0.20292510004927894,1.0,7.599507408870241
0.5572241802551033,-0.8009564672354892,0.586766254014158,0.5899461742535683,0.7282669889797657,1.0,1.9433736676997901
-1.0,-1.0,0.9068273355090046,-1.0,-1.0,-1.0,6.500863618114683
-0.5064411903731556,-0.05271341483832326,-1.0,-0.8337380040444655,1.0,0.3579707696270757,1.0304586322726745
0.8420606642329967,1.0,0.9013561899269116,0.11548441334566006,-1.0,-1.0,2.7664147115232782
0.17521430624938805,1.0,1.0,1.0,0.4273320447612317,0.07720366518199429,-5.006990826601368
1.0,1.0,0.22882419852515823,-0.7400373689375198,-0.5556766001102107,-1.0,4.843012468705422
-0.26309754239018823,-0.9235451399541557,-0.2509827419767317,0.013453017640474352,-1.0,-0.42979285686115143,-0.677397653857167
-0.6841611025538936,0.2818107856167526,-0.48271734531137744,-1.0,0.13999128366059288,-0.15586785672381187,-0.6653839210019703
0.4965615521121886,-0.7719996142916842,0.07911727353333335,0.7285568466146016,-0.9431945076217655,-0.7353276820917432,5.337461769751914
0.3087219062312191,1.0,1.0,1.0,1.0,-0.47360369460160995,-5.406702284177932
0.05965107285626292,0.5298599441669206,0.6098433998570892,-1.0,0.1744064918783677,-0.9697281866640355,0.9513526993314677
1.0,0.7256612838873482,1.0,1.0,1.0,-1.0,-4.344230184565098
0.05387536611934246,0.6512616873012849,-0.3816767433425531,1.0,0.27965913291793987,0.19026740467525105,0.1655819539535821
1.0,1.0,-0.943778317630038,0.7271735638874012,-1.0,-0.6831087136621166,8.360091552582682
-1.0,-0.7043983844768358,0.64825046897124,0.4788261410619105,-1.0,-0.6668561110085425,-0.15797824100371616
0.4252873713854879,-0.3238063370914815,0.07085574410249762,-0.13480029465512677,-0.24652907998980061,-1.0,3.565228326169274
0.33294454612938856,-0.5779180619402383,-0.9798126539386592,-0.4554805106135843,-0.2117415114110065,-0.680580328330129,1.1630430286116962
-0.08365472905996651,-0.5416197873502642,-0.9306834666569571,-1.0,-1.0,0.6757676812456058,3.531348536719835
0.9554171550196223,1.0,0.9035104933947113,0.3908472586087558,-1.0,-0.43218847104632907,2.3883056946607377
-0.6429432941686914,0.7288074896163461,-1.0,-0.5419156906478184,0.6425737836821992,1.0,11.931278210966662
1.0,0.20621894475734687,0.6110214381284353,-0.11148615441833198,0.0027337626316112917,0.4003619881269964,-0.6226551191515852
-0.21253668817036397,0.12597414038835483,-1.0,-1.0,0.36066473908897567,0.6639426545987763,3.7936156587329943
-0.257535347089362,0.23400214764571367,-1.0,-1.0,-0.04143069706846453,-0.39594485430777115,-2.3289037637872596
1.0,0.5619941736551329,0.8344012296535247,0.4009204000509151,-0.5348177080007424,-1.0,6.107558853482165
0.06494408543363817,-1.0,-1.0,-0.4454000812909087,0.9204669848817746,1.0,1.551337993832215
-0.23745044678505822,-1.0,0.11081849619428519,-1.0,0.2526322049238361,-1.0,6.5355933273148
0.6599384095245262,-0.4767063704115527,-0.6671313078164758,0.851354312358368,-1.0,-0.3945896139984356,2.5142973145970715
0.651988791977343,-0.377777209598022,0.19514631406135124,-0.6676117803064558,0.029564126875885055,1.0,1.8350940825830109
0.23928186116810046,0.6053400161496898,1.0,0.86193622948467,-1.0,-0.12416619994218281,0.47594621906990836
0.4559864324358478,0.8488781200637099,1.0,0.42259834085385184,0.15983906923809665,1.0,-3.08492490848828
-1.0,-1.0,-0.8377059078680925,0.18929195919787656,-0.44264881361717645,-1.0,1.026777644463854
-1.0,-0.748750212538297,-0.2467820726330029,0.02802794868634151,-0.26567934665664855,-0.9523816541472763,2.290716255608212
1.0,1.0,1.0,0.16830981623279673,0.9734069378365564,1.0,-6.03927520621557
1.0,0.5445637423623815,1.0,0.1801028058549357,0.27045635530008294,-1.0,0.4417642950488039
-1.0,-0.8257383574434012,-1.0,-1.0,-1.0,-0.8834318404174799,3.1496414505063113
-0.1165332974368638,-1.0,-0.9265428132730492,-1.0,-0.04521930776973346,-0.07336766058641023,-3.1059743373793736
0.7936458626902567,0.41833319578356454,0.63202489669749,0.8234144058077673,0.2259648584696547,0.31838226804262604,-1.02228651778528
-0.4136026594992096,-0.4672744196200347,-1.0,-0.543965071362869,0.1414319182050104,0.2493137685794349,-0.6069380423323825
0.3347484353628768,0.291392512162748,-1.0,-1.0,1.0,0.2017684252206451,-0.6156547915404983
0.8218692133270065,0.7951895557708233,0.19509179766287288,0.428686378930522,-1.0,1.0,5.476400208778528
0.4857923407090651,0.562598310840613,1.0,-0.7437293401525551,-1.0,1.0,3.0035891446389607
-1.0,-1.0,-1.0,-1.0,-0.29552270077564147,0.829263977947813,-3.64488798855837
0.6478706689285177,0.17238091368655173,1.0,-0.962592321028291,0.20944802623393122,0.3980666192767295,-2.189593025872833
-0.591181472587661,-0.49685571328866796,-0.8300016259617924,-1.0,0.15165639999397862,-0.34758961881727085,-0.5816127237442762
0.9685772636053154,-0.09540571346130289,0.9996559769306359,0.21139531212471663,-1.0,0.24838839111158384,3.124584919039097
-0.44302631519188856,-0.9010970199858401,1.0,0.9033267750432599,1.0,0.4682769870789063,0.29805230778426794
-0.42478637413285625,0.5802067140853244,0.05295704993728367,0.6286505439683363,0.9230372016135598,-1.0,2.3402753596852084
-1.0,0.05712132592074365,-1.0,-0.6895783879246855,0.8843550606179548,0.8538984060500299,6.0162052629712095
-0.8103544725822007,-1.0,-0.44532913114144307,0.6858876174598738,-0.7770886735759317,-0.8289783334573949,-1.211073942990916
-1.0,0.986715459043958,-0.6312011146374311,1.0,-0.7701423414401748,0.10060899384631805,0.038596579525362884
-0.7797594522292518,-1.0,-1.0,-0.6764645932070543,1.0,0.24289540465928194,-5.542680990944307
-1.0,-0.5486168595200251,-0.2815435850833209,-1.0,0.595640393494761,1.0,2.634329348448764
0.5255076552200965,-0.9123099222805212,0.4749954650384588,-0.2998160215911929,-0.2986547578970189,-1.0,8.290942569666939
-1.0,-0.13898835257031705,-0.48262652962465896,-0.4790922529300491,-0.24974905031615813,0.21891003973289155,-0.6239848797868912
-0.1568966377490535,-0.03589914946041761,0.21497141876157905,-0.20017887581659066,-0.7049438440026323,-1.0,1.9170952864991346
-1.0,-1.0,-1.0,-1.0,1.0,1.0,-1.6106793287146406
1.0,0.026348130760945665,0.6535775622865669,0.6178728005595022,0.08984308484538711,-0.5568231767008007,2.5580108607809446
0.12470080896014912,1.0,0.47512591225684475,1.0,0.07967948584824996,-0.5534694982122402,-0.5293575444790906
0.6082067645082613,0.22159919416003795,-1.0,0.4638824808170797,1.0,0.20453661742785217,-3.0426282214925235
0.5672241498442695,0.008038145482648418,-1.0,-1.0,1.0,1.0,2.722896378963245
-0.1941029846666179,-0.12035084717669031,-0.4060350270543031,-0.2916386662883408,1.0,0.86055061776795,3.817437870398214
1.0,-0.31257262409843456,0.24914075454937312,0.7037342981508232,0.7968513637897415,1.0,-0.46072320371153985
1.0,0.5559366170884453,0.6425660117938048,-0.8569821408706854,1.0,0.029464120920743964,-0.9364459296968889
-0.5531368019376617,-1.0,-0.657222857205527,-1.0,-0.9058379502739367,-0.5734322614921408,2.236001588326858
-0.07668083704726536,-1.0,0.12620039507776248,-0.18140882463012364,-0.6002000451692452,-0.7236692783652223,3.174993806494098
0.6214760349221378,0.941448361667681,0.12643783521790986,-0.3865974438004638,0.7468211324841221,-1.0,0.10279458312529964
-0.5173234926057115,0.5285184374158239,-1.0,0.5332924366066163,-0.9204229352852618,0.40804120098276947,0.6749497866149452
-1.0,-1.0,0.14057369581257273,-1.0,-1.0,-0.32227914301380634,3.963830700954534
-1.0,-1.0,-0.4120183912467781,-1.0,1.0,-0.27687563710923835,1.2798752472287276
0.7447458631726466,-1.0,0.20250977827092992,0.6199027735007594,-0.4367599579362431,-0.3186362840058503,2.708231392534633
-0.6991350728993045,-0.6299591626631506,0.16988708146455384,-0.9429937678415741,1.0,1.0,2.388558671610564
-0.37923459608839316,-0.60638811072582,1.0,-0.13739995462053756,1.0,0.250492974264481,-0.5083071850568384
-0.8473633854383744,-0.8888367713325473,-0.047290649311704,-0.9705523121108233,-0.013507976145822886,-0.1370495897140833,-1.0478141075126797
-0.552840122922456,-1.0,-0.9007197222237397,-1.0,-0.9422657921542003,-0.8042032400173397,3.395766546320085
-0.33946425587043216,-0.5416653515382467,-1.0,0.6129971977818002,0.7060774081271312,0.4655324232465625,0.9069873468417924
1.0,0.08204521136173881,0.950170104093921,1.0,0.45334884575029183,-0.09814603785351528,-2.3547989469898485
-0.09978003065010954,-1.0,-0.9174830964243599,0.010659200220401899,-1.0,-1.0,0.18687339483821958
1.0,0.5387806595322969,0.477349319254341,-0.016232240948422988,0.9083956488581595,1.0,0.05904635507230893
-0.008440628076046508,-0.637446258096101,-1.0,-1.0,0.5315105758615384,-1.0,3.740467224662919
0.9573063833374709,1.0,0.8757983338051962,-0.18009188177496874,-1.0,0.30898076205622327,-0.1902585383763613
1.0,0.9913333630405591,1.0,1.0,-0.08168774445621307,-0.5908144843100699,1.5040789818707603
-0.35818104713479926,-0.4824143248131675,0.16910940721750684,0.3739434108935599,-0.036416444815920435,-0.36088762613506165,0.9245526346582458
0.16271089836227393,-0.6472745576628027,-0.16821921532670264,0.8280252557977579,-0.4818584866282667,-1.0,3.5889904698009505
1.0,-0.9573579239297334,0.4289407812383427,0.1517290684025924,-0.24749486291197753,-1.0,7.931552869586435
-1.0,-1.0,0.20637884764987058,0.619736514309877,-0.1306781526606524,-1.0,2.2245551496760285
0.6180441300791313,1.0,0.005680005636535479,-0.3043486157089502,0.5708865479845602,0.557205597081962,0.5648328526382926
-1.0,-0.3357106721140951,-1.0,-1.0,0.04258727358566228,-1.0,5.19204253829658
0.9938597710445574,0.3003127393046485,0.885840271999695,0.4502178266693224,1.0,1.0,-4.454366670147828
-1.0,-0.17133622186516007,-1.0,-1.0,-1.0,-0.6735516521062972,-0.1106869078718879
-0.20907524960156698,0.41946976463509844,1.0,0.9220693813112627,1.0,1.0,-1.6427361474391435
-0.08754439064089914,-0.6346570757079535,-0.1688597317694569,-0.11218049685464282,-1.0,-0.03203390239606141,0.48832026442979315
0.3236212432391039,1.0,-0.6214424009117954,-0.2734235998972476,1.0,0.976324200537849,8.727786258899279
-1.0,-1.0,-0.9581066223722352,-1.0,-0.6756524659766666,0.700349229305892,-4.056234608173444
1.0,0.3793411735602905,1.0,0.43037391214649046,0.30149402482858845,-0.06682713716293953,-1.1642932663325383
-0.23058805156182627,-0.6864299154994926,-0.13573314285920324,0.06957636966351988,0.7810215087711472,0.822558339460285,1.8790553502870275
-0.22625196758832863,0.8893240346152114,-0.6657158420879503,0.03130192419611677,0.0070820469895749305,0.432811996518079,2.872910075362548
0.2774168136141859,-0.68205932605393,1.0,0.322656073886218,-1.0,-0.24578776151181658,2.1778369023173063
0.5769610371419581,-0.232252299864272,1.0,1.0,0.2757640909095467,1.0,-2.2599881635788313
-1.0,-1.0,-0.3397168252145355,-0.2365431049936751,0.6229940199141579,0.09352913717661315,1.1152163655969116
-0.4036446915890428,-0.88763072290547,-1.0,-0.08334549428420557,1.0,1.0,6.012143053779391
-0.6898579601004962,-0.8404858507823945,-0.029252681693240246,-0.8826558721102109,-0.3325456961543629,0.9132620710474478,-0.6458965393468813
0.7083875649613999,-0.25671936666604805,0.07552811186632896,0.5166162652050452,-1.0,-0.300523523488771,3.5648909173966032
-1.0,-0.7731452391459563,-0.7896119159531042,-1.0,0.25601543399816024,-0.6001596345181195,-0.85663217503245
0.1554181481121053,0.5916191951261487,0.35586764858187214,1.0,0.7885198277973858,1.0,2.4284034084719988
-0.4466028057116829,-0.5040487125492309,0.170910132506101,-1.0,0.34365612320577277,1.0,0.26295769047862827
-0.2708473712685626,-0.9015534415243314,-1.0,-0.5606145596829759,-0.3404295675808682,-0.40876570845779847,-2.2597108556751104
1.0,-0.8775846099668393,0.09825865891786234,0.002153129914425511,-0.18841927047757612,1.0,1.6648147138771467
0.6613572693470402,0.05716921162748556,0.5504358271110728,-0.9779323412361339,0.08096749659537206,0.2801602158954726,-0.38464870646232885
0.9653461564514524,-0.36658841865696523,-1.0,-0.20647728907811524,-0.1031055849116056,0.6076510134912292,3.0573110037709985
-0.11732396512643672,0.34059827533418774,0.17039890842453032,-0.9283468985227691,-0.6467620141606738,-1.0,1.261525138533636
-0.7460406188267263,0.3350474634367121,0.15882121457851986,-0.6230651621245481,0.9613042789910439,0.3065012631380309,3.1868130009498628
1.0,0.28066285139633185,-0.10962133331540613,0.5715229521085385,0.44626424170149365,-1.0,3.521317462190712
1.0,1.0,0.4322644576443684,1.0,0.7589403050506967,0.17965557893854678,-3.8444165593931094
0.7621384400516402,1.0,1.0,0.45892309933306574,-0.8969994754900278,0.2421526560026795,-0.8430539608539405
0.1155893880051079,-0.48729079875099235,0.7924115044857607,-0.3137596431255343,-0.34631862926932366,-0.20950467694455777,1.1973636343104923
0.5449244445228656,-1.0,0.053517737686383154,-0.3594536422510004,0.8338871397850031,1.0,0.0387568027137494
0.32504695400335204,-1.0,0.8849767337535359,-1.0,1.0,1.0,-4.10450761641363
1.0,0.29342098486551116,1.0,0.3914054941517029,0.473408882735634,0.1328195633589013,-1.3008245305267767
0.41263973919777397,-0.9420566797153226,1.0,0.12023669314648855,-0.4408733267241952,1.0,0.4867005065328369
-0.43909539305262524,-0.5377717085311632,0.8082270384592605,-0.2320116070041761,1.0,0.4186345253156352,-0.5384602691264643
-0.1016485879763741,-1.0,-1.0,-1.0,-0.41278598532196753,1.0,1.7241785673261625
0.42177140218960485,1.0,0.5767406729963104,0.10138742244083754,-1.0,0.2067558551269515,-0.3202224156330894
-1.0,-0.7193721196406149,-1.0,-0.6044876511032365,0.49944492896053605,-1.0,5.512977111971598
-0.49071571031569294,-0.19080253923644963,0.7603117003619057,-1.0,-0.4943390811364588,0.41796697030739405,-2.1444387297789245
0.22959843890397924,-0.8319521792490069,0.40858663233239384,0.9540347190180422,0.7076954171521724,-0.25414949049312513,-0.5123124847858086
0.8418462243978936,1.0,-0.3583015359889924,0.04645225444711959,1.0,-0.2612881230779396,-0.25385241327104097
-0.20456804044489463,0.11203367751470572,-0.9004622191602308,-0.05320906635626847,-0.5428837648754954,0.86029601129231,4.845683045330264
-1.0,0.22261799328148357,-0.3804848311794238,-0.758076409457876,-0.19358527442686974,-0.5448221414407687,0.33771009309778666
0.38344578425631015,1.0,1.0,1.0,0.19654756732436596,0.8799160590750897,-5.528804129136832
-1.0,-0.16071165331316029,-0.2043063426854039,-1.0,0.15546187324367322,0.4642966561362094,0.36314355125851605
-0.6292245122220839,-1.0,-1.0,-1.0,-0.7015448307708931,-1.0,3.676532419621151
-0.3047109756682652,-1.0,-1.0,0.09215332889571118,1.0,0.9986450317175277,3.945323212838131
-0.8945074324721101,0.5556476317244805,-1.0,-1.0,-0.14639768803574504,-0.1087266514609688,-2.0900898229413594
-1.0,-0.6871733036579459,-0.030222325607898726,-0.22762704725021476,0.60619839704886,0.2165714024618087,1.1530607431805457
-0.19185455582754884,-0.16183795256812017,-1.0,-0.1888646626214744,0.8221638536743306,0.9224309066087089,5.437684131229249
0.24654282943749906,0.838710308114299,-0.4999029659766638,0.3197527788764743,1.0,0.8347565407773714,4.898613743236815
0.7085933858176059,1.0,1.0,1.0,-0.8228356053550894,0.012097762007072466,1.402160775547194
-0.275670220757699,-0.9495207089312544,-0.9786352224052078,0.7026063279241465,1.0,0.5373561059937211,-1.4046117985825908
-1.0,-0.4291663365756049,-1.0,-1.0,0.22169323208134295,1.0,3.3254795405015782
-1.0,-0.6805927021652092,-1.0,-0.9418608594451747,1.0,0.09585646605443762,-3.530454620623789
-0.9007247424367774,-1.0,-0.8645991921042255,-0.26119410887956984,-1.0,0.5989999701517984,-3.023482932661119
0.5121944791630129,1.0,-0.5095378748559654,0.9913276240121058,0.30904943466700147,0.2447351015023408,0.25107482186488544
-0.5181851779130029,-0.2814005724909808,-1.0,-0.4674095038962073,-1.0,0.5349167410565119,-1.0130126751850836
-0.8338966967039454,-1.0,1.0,-0.157941928961725,1.0,0.38421594039458107,2.5149137544986964
0.08464044320019565,0.7112405850640401,-1.0,0.06732666598762363,0.7773342039078575,0.3931983331422245,2.321135218238619
1.0,1.0,0.13002782486554698,1.0,1.0,1.0,0.06401727210864905
1.0,-0.30713587658607433,-0.11156480819175768,-0.08652698532113368,-0.8841514882754096,-1.0,7.386892089298737
0.8026011258313752,1.0,0.971851545778892,0.9331784937712975,-0.0752069785876186,-1.0,2.807935242337322
-1.0,0.9575174430686437,-0.6884696094871097,-0.3970631816578598,1.0,1.0,13.41687113190941
0.43609566646469466,-0.3592377412831361,0.7821257438493534,0.09052598434007403,0.7052485174561687,0.1977243794355017,-2.38560298581167
1.0,0.3331307535950692,-0.534793534066386,1.0,-0.592403042780925,0.671812473504135,3.371605714464548
-1.0,-0.09506144272393284,0.908838451042805,1.0,-0.7884071347589109,-0.0023503967866204123,-2.306963972446101
-0.18464948881591825,0.11684573674529997,0.38060835427397366,0.18130587036473145,0.5711803067813375,1.0,2.9669998242754576
-1.0,-0.1765318689997701,0.052468823361463635,-1.0,-0.06289661451862938,-0.46974903975137033,1.2358478805259168
0.564030866190868,0.2171363824347179,0.06821186102307975,0.2282977305741707,-1.0,-0.8964030964168247,4.372377762229569
0.38282180829037293,0.358676935432674,-0.392443804049083,-0.3075514381422809,1.0,0.6980792727505267,1.5374446458391269
-0.47780625285284206,-0.8865543975830201,-1.0,-1.0,0.34033805210539725,0.19040680095759366,-4.475748004806271
0.8886157225665461,0.9233516664409842,0.2227413657847097,0.09601726146731737,-0.08573278983067661,1.0,2.3825061881944176
1.0,0.9564291602659972,-0.16014117464631483,0.6291210843823587,0.532071179007905,-1.0,2.6065501605058303
-0.16127733362243268,0.5221966054848647,0.2950775337746987,-0.19803599779393993,-0.5118082850964623,-0.29593547328589204,0.028471031594877516
1.0,1.0,0.21063247328412193,1.0,-0.2756966499563305,-0.5605690626766733,4.381507539303113
-0.0847764728955922,0.03792265491294522,-0.35340416935832264,-0.1873499096537703,1.0,1.0,4.466213364882318
0.14251880502223788,-1.0,-0.016832905752646732,0.15685405392434615,1.0,1.0,2.1780426472029926
0.5530043293101612,-0.27407689208788566,0.39822278186675997,0.39044628315990454,0.07337244034359064,0.05270187005118465,-0.3169385743928527
0.39313524561016777,1.0,0.27816419578889706,0.8309195942986775,0.4408300646788337,-0.8661721828658862,1.4047571179405807
-1.0,-1.0,-0.07211372983406705,-0.5675916896616616,-0.5068633269514062,-0.5615135752591583,0.543714739605096
1.0,0.2036779138869929,1.0,0.590838207365898,0.20718107171040834,1.0,-2.640658034934943
1.0,1.0,1.0,-0.397753346183415,-0.41049855539216384,-0.6618941556690883,0.20695490641899966
-0.18315679835199394,-0.9286572570278342,-1.0,-0.14335251748430267,0.3453959667965346,0.27831935339716307,-2.1028117873820724
-0.6433254993945968,-0.5497055131043114,-1.0,0.0045203108880338405,-1.0,-0.6096678778612439,-2.232892328189032
-0.8482336229957876,-0.14184957634612316,-0.08408536243111897,-0.12669760781491812,-1.0,0.14446853296675066,-1.8525167740419297
0.9355272566835993,1.0,0.5030193805758248,1.0,1.0,1.0,-2.3648301833370544
0.16575691362415115,-0.5674696613073013,0.3496288571459996,-0.9505307399946231,-1.0,-0.34858346401647544,4.96767072437248
-0.7633065777695935,-0.8200431622957483,-0.6046442221740549,-1.0,1.0,-1.0,5.687606897274464
1.0,1.0,0.46323683554373374,0.7114472469337563,-1.0,0.5283600612843528,3.6783871058622637
1.0,-0.7961537962753096,-0.13990827183810495,0.3978740330201046,-0.0587057043147331,0.6449918327163322,1.0002528389602017
-1.0,-1.0,0.8764103115332048,0.16315205286547665,-0.3653078864507744,0.5375157842784364,-1.19275928672552
0.34281883471009666,-0.6394644578498925,0.18007462900866145,-1.0,-0.4560301211512532,-0.020035090360469576,2.2727867656125813
1.0,-0.17397656304437337,-0.0556921028155094,1.0,1.0,0.6137738136308309,-1.6135754735098742
-1.0,-1.0,-0.20423272305047813,-1.0,0.611226482139281,-0.7782002760876927,3.8594831787941453
-1.0,-0.9111589792299339,-0.11448605071456042,-1.0,0.15548546898347237,0.5737345070497886,-3.664212270472743
-0.7160580984394364,-0.41541954151448934,-1.0,-1.0,0.5617398573887121,0.9394333244630451,4.54811741801979
-0.19224950196741997,-0.050524585626175345,-0.9048633652091347,-1.0,-0.8243667812135087,0.44354391822321787,1.0243494457228572
0.8348995467606193,0.615104379050484,1.0,0.15575002284886286,-1.0,-0.7864332860636745,4.891949453329012
-1.0,-1.0,-0.4844386520284294,-1.0,0.2521727204490789,-0.49062118314283854,-0.8365550456956306
1.0,0.6834954076244886,1.0,0.7339244882334022,-0.26594517536242324,0.014506436093913555,1.3504777935860799
-1.0,-0.3812717248738995,-1.0,-0.841837317419009,-0.22738117910420552,-0.755747244623775,2.2203922415064223
-0.06288560175763336,1.0,0.09326426947164279,-0.5976783490220747,1.0,-0.08148541873784088,1.2242428408316357
-1.0,-0.6310179806573081,-1.0,0.17239403049898788,0.07502077982248778,0.6757099605794497,1.5435644143851974
-0.6668864474283884,-0.247179683426624,-0.00023991450113047819,0.03697708012373213,-0.20751258047569388,-0.12144039985232058,0.2538645913417405
0.19256146566122198,0.6904111511224984,0.35361401361062933,0.594184121607255,1.0,0.2791833044727492,-0.40669428704369587
0.0035740430143804958,-0.060210891057620286,1.0,0.6766322088803725,-0.2692805949432586,-0.09475248157126193,-0.5211966642199839
1.0,1.0,1.0,0.2641279535794332,0.6082189648244776,0.030159752119360228,-3.4640101659440137
-1.0,0.5810910149278652,0.2531823794983741,1.0,0.4173337717328671,0.8176476568406593,0.3942109187619741
-1.0,-0.06980584747841023,-1.0,-0.21403889647598073,-1.0,1.0,5.193073174009319
1.0,1.0,0.7315146602369813,0.21457721170490807,1.0,1.0,-4.0836256644527715
0.4896565443483496,1.0,0.8470392354131255,0.9325689111179232,0.006093946258673544,0.9486819167088963,-2.281159173492632
0.73151494723183,-1.0,-0.5398883571793858,1.0,-0.32771302641792394,-0.04139794260746066,-0.44779232026102633
1.0,0.569064970900014,0.755569444400544,0.4688739372660794,-0.7994994010706094,-0.495395166542698,3.8467266000404927
-1.0,-0.5523820926047212,-0.8746600252517619,-0.09715676149772201,-1.0,-0.8482121031481091,-0.8416749333133515
0.1713703754252125,1.0,1.0,0.9090278260979594,-1.0,-1.0,1.044724380921632
